person_id,name,photo_url,film_1,film_2,film_3
500,Tom Cruise,https://image.tmdb.org/t/p/original/3mShHjSQR7NXOVbdTu5rT2Qd0MN.jpg,Edge of Tomorrow,Oblivion,Mission : Impossible - Protocole Fantôme
380,Robert De Niro,https://image.tmdb.org/t/p/original/cT8htcckIuyI1Lqwt1CvD02ynTh.jpg,Joker,Les Affranchis,"Le Parrain, 2e partie"
31,Tom Hanks,https://image.tmdb.org/t/p/original/eKF1sGJRrZJbfBG1KirPt1cfNd3.jpg,Forrest Gump,Toy Story,La Ligne verte
287,Brad Pitt,https://image.tmdb.org/t/p/original/cckcYc2v0yh1tc9QjRelptcOBko.jpg,Fight Club,Inglourious Basterds,Seven
3,Harrison Ford,https://image.tmdb.org/t/p/original/zVnHagUvXkR2StdOtquEwsiwSVt.jpg,La Guerre des étoiles,Star Wars : Le Réveil de la Force,L'Empire contre-attaque
1158,Al Pacino,https://image.tmdb.org/t/p/original/2dGBb1fOcNdZjtQToVPFxXjm4ke.jpg,Le Parrain,Once Upon a Time... in Hollywood,"Le Parrain, 2e partie"
2888,Will Smith,https://image.tmdb.org/t/p/original/8TlKqbXYgHmmaEoPBJ7djJ8Rxxa.jpg,Suicide Squad,Je suis une légende,Men in Black
2157,Robin Williams,https://image.tmdb.org/t/p/original/iYdeP6K0qz44Wg2Nw9LPJGMBkQ5.jpg,Will Hunting,Le Cercle des poètes disparus,Aladdin
1100,Arnold Schwarzenegger,https://image.tmdb.org/t/p/original/dgCABuZp2HBehCT84O4WBp7KIoe.jpg,Terminator,Terminator 2 : Le Jugement dernier,Terminator Genisys
4483,Dustin Hoffman,https://image.tmdb.org/t/p/original/yFjTzJHE6AFbwQifOlnNDzmiwlq.jpg,Kung Fu Panda,Kung Fu Panda 2,Rain Man
62,Bruce Willis,https://image.tmdb.org/t/p/original/w3aXr1e7gQCn8MSp1vW4sXHn99P.jpg,Pulp Fiction,Split,Sixième Sens
85,Johnny Depp,https://image.tmdb.org/t/p/original/wcI594cwM4ArPwvRd2IU0Z0yLuh.jpg,Pirates des Caraïbes : La Malédiction du Black Pearl,Les Animaux Fantastiques,Pirates des Caraïbes : Le Secret du coffre maudit
190,Clint Eastwood,https://image.tmdb.org/t/p/original/8TwdCfeOZH7ucRlfLZ6wObxa7cO.jpg,American Sniper,Gran Torino,Million Dollar Baby
192,Morgan Freeman,https://image.tmdb.org/t/p/original/jPsLqiYGSofU4s6BjrxnefMfabb.jpg,The Dark Knight : Le Chevalier noir,Les Évadés,The Dark Knight Rises
206,Jim Carrey,https://image.tmdb.org/t/p/original/u0AqTz6Y7GHPCHINS01P7gPvDSb.jpg,The Truman Show,Eternal Sunshine of the Spotless Mind,Bruce tout-puissant
72129,Jennifer Lawrence,https://image.tmdb.org/t/p/original/k6CsASaySnS3ag0Y2Ns2vqPahVn.jpg,Hunger Games,Hunger Games : L'Embrasement,Hunger Games : La Révolte - Partie 1
10980,Daniel Radcliffe,https://image.tmdb.org/t/p/original/iPg0J9UzAlPj1fLEJNllpW9IhGe.jpg,Harry Potter à l'école des sorciers,Harry Potter et la Chambre des secrets,Harry Potter et le Prisonnier d'Azkaban
10989,Rupert Grint,https://image.tmdb.org/t/p/original/q2KZZ0ltTEl7Sf8volNFV1JDEP4.jpg,Harry Potter à l'école des sorciers,Harry Potter et la Chambre des secrets,Harry Potter et le Prisonnier d'Azkaban
10990,Emma Watson,https://image.tmdb.org/t/p/original/A14lLCZYDhfYdBa0fFRpwMDiwRN.jpg,Harry Potter à l'école des sorciers,Harry Potter et la Chambre des secrets,Harry Potter et le Prisonnier d'Azkaban
1327,Ian McKellen,https://image.tmdb.org/t/p/original/5cnnnpnJG6TiYUSS7qgJheUZgnv.jpg,Le Seigneur des anneaux : La Communauté de l'anneau,Le Seigneur des anneaux : Le Retour du roi,Le Seigneur des anneaux : Les Deux Tours
205,Kirsten Dunst,https://image.tmdb.org/t/p/original/5dI5s8Oq2Ook5PFzTWMW6DCXVjm.jpg,Spider-Man,Spider-Man 2,Eternal Sunshine of the Spotless Mind
514,Jack Nicholson,https://image.tmdb.org/t/p/original/hBHcQIEa6P48HQAlLZkh0eKSSkG.jpg,Shining,Les Infiltrés,Vol au-dessus d'un nid de coucou
569,Ethan Hawke,https://image.tmdb.org/t/p/original/2LoTr6x0TEM7L5em4kSx1VmGDgG.jpg,Le Cercle des poètes disparus,American Nightmare,Valérian et la cité des mille planètes
5676,Marcello Mastroianni,https://image.tmdb.org/t/p/original/bfLnFfNfMC73Q7WW90xQy2PvRZm.jpg,Huit et demi,La dolce vita,Le Pigeon
6384,Keanu Reeves,https://image.tmdb.org/t/p/original/8RZLOyYGsoRe9p44q3xin9QkMHv.jpg,Matrix,John Wick,John Wick 2
11701,Angelina Jolie,https://image.tmdb.org/t/p/original/bXNxIKcJ5cNNW8QFrBPWcfTSu9x.jpg,Maléfique,Kung Fu Panda,Mr. & Mrs. Smith
3894,Christian Bale,https://image.tmdb.org/t/p/original/7Pxez9J8fuPd2Mn9kex13YALrCQ.jpg,The Dark Knight : Le Chevalier noir,The Dark Knight Rises,Batman Begins
1461,George Clooney,https://image.tmdb.org/t/p/original/dt0a7DT0SQeHb7NpURD6ifyEzsN.jpg,Gravity,Ocean's Eleven,Ocean's Twelve
70851,Jack Black,https://image.tmdb.org/t/p/original/59IhgCtiWI5yTfzPhsjzg7GjCjm.jpg,Jumanji : Bienvenue dans la jungle,L'Âge de glace,Kung Fu Panda
3636,Paul Newman,https://image.tmdb.org/t/p/original/bP2fByqNR7BorsUNuD6nSm0u2vJ.jpg,Cars : Quatre roues,Cars 3,Les Sentiers de la perdition
114,Orlando Bloom,https://image.tmdb.org/t/p/original/lwQoA0qJTCZ6l2FH6PjmhRQjiaB.jpg,Le Seigneur des anneaux : La Communauté de l'anneau,Le Seigneur des anneaux : Le Retour du roi,Le Seigneur des anneaux : Les Deux Tours
139,Uma Thurman,https://image.tmdb.org/t/p/original/sBgAZWi3o4FsnaTvnTNtK6jpQcF.jpg,Pulp Fiction,Kill Bill : Volume 1,Kill Bill : Volume 2
5293,Willem Dafoe,https://image.tmdb.org/t/p/original/ui8e4sgZAwMPi3hzEO53jyBJF9B.jpg,Spider-Man : No Way Home,John Wick,Le Monde de Nemo
530,Carrie-Anne Moss,https://image.tmdb.org/t/p/original/gc7JwuLDD0kXHUlGx5vWzdlqSIT.jpg,Matrix,Memento,Matrix Reloaded
854,James Stewart,https://image.tmdb.org/t/p/original/jam9DRhOuKomlr0vUXTamPoxPdk.jpg,Fenêtre sur cour,Sueurs froides,La vie est belle
880,Ben Affleck,https://image.tmdb.org/t/p/original/aTcqu8cI4wMohU17xTdqmXKTGrw.jpg,Suicide Squad,Gone Girl,Batman v Superman : L'Aube de la Justice
1062,Christopher Lloyd,https://image.tmdb.org/t/p/original/nxVjpyb3UrfbPZnEyDNlQVlFAs5.jpg,Retour vers le futur,Retour vers le futur II,Retour vers le futur III
1204,Julia Roberts,https://image.tmdb.org/t/p/original/fQacAdIa1WUNChQ6FgEko13eqOA.jpg,Ocean's Eleven,Pretty Woman,Wonder
996701,Miles Teller,https://image.tmdb.org/t/p/original/cg3LW0xX6RKr8dmescxq1bepcb5.jpg,Whiplash,Divergente,Divergente 2 : L'Insurrection
10205,Sigourney Weaver,https://image.tmdb.org/t/p/original/wTSnfktNBLd6kwQxgvkqYw6vEon.jpg,Avatar,WALL·E,"Alien, le huitième passager"
72466,Colin Farrell,https://image.tmdb.org/t/p/original/nqcU2IEpKbZlpmPsVQMbTN46psI.jpg,Les Animaux Fantastiques,The Batman,Minority Report
1532,Bill Murray,https://image.tmdb.org/t/p/original/nnCsJc9x3ZiG3AFyiyc3FPehppy.jpg,The Grand Budapest Hotel,Bienvenue à Zombieland,S.O.S. Fantômes
131,Jake Gyllenhaal,https://image.tmdb.org/t/p/original/rJdYHYNhlcOBwbPvDZVvt1xw7bi.jpg,Spider-Man : Far From Home,Donnie Darko,Prisoners
6193,Leonardo DiCaprio,https://image.tmdb.org/t/p/original/wo2hJpn04vbtmh0B9utCFdsQhxM.jpg,Inception,Django Unchained,Titanic
15757,Ray Romano,https://image.tmdb.org/t/p/original/zWT03QvuVYySlrjmHCojKrNYjoC.jpg,L'Âge de glace,L'Âge de glace 2,L'Âge de glace 3 : Le Temps des dinosaures
5723,John Leguizamo,https://image.tmdb.org/t/p/original/kwYCdxTlDh9zauUCg4mp2XTCQTw.jpg,John Wick,L'Âge de glace,John Wick 2
5724,Denis Leary,https://image.tmdb.org/t/p/original/9pMR9QhURdJ3xxdHeNVOKF5M81b.jpg,The Amazing Spider-Man,L'Âge de glace,The Amazing Spider-Man : Le Destin d'un héros
18918,Dwayne Johnson,https://image.tmdb.org/t/p/original/5QApZVV8FUFlVxQpIK3Ew6cqotq.jpg,Jumanji : Bienvenue dans la jungle,"Vaiana, la légende du bout du monde",Fast & Furious 7
2176,Tommy Lee Jones,https://image.tmdb.org/t/p/original/kaJJkFHYLfM7zDNaenax00nhOkC.jpg,Captain America : First Avenger,Men in Black,No Country for Old Men
2638,Cary Grant,https://image.tmdb.org/t/p/original/7wVWukDgz9lr4qbNqnRwdMMVgBs.jpg,La Mort aux trousses,Les Enchaînés,La Main au collet
3092,Diane Keaton,https://image.tmdb.org/t/p/original/A8B3BsFgbmw2WEmJuQX38qeU9eR.jpg,Le Parrain,"Le Parrain, 2e partie",Le Monde de Dory
3896,Liam Neeson,https://image.tmdb.org/t/p/original/sRLev3wJioBgun3ZoeAUFpkLy0D.jpg,The Dark Knight Rises,Batman Begins,La Liste de Schindler
4958,Henry Fonda,https://image.tmdb.org/t/p/original/6wXWsqSXF3wCsGcwVqiszy6RX9X.jpg,Douze Hommes en colère,Il était une fois dans l'Ouest,Les Raisins de la colère
5530,James McAvoy,https://image.tmdb.org/t/p/original/vB6qYlFXgONGVwwxWXE4gf0F8SQ.jpg,Deadpool 2,Split,X-Men : Days of Future Past
5576,Val Kilmer,https://image.tmdb.org/t/p/original/sWH9jTD0bC5gWhhceUlzfNiNup0.jpg,Top Gun : Maverick,Top Gun,Heat
4517,Joe Pesci,https://image.tmdb.org/t/p/original/1WHLXwT0TDZDWFVRcFve1B0EjNK.jpg,Les Affranchis,"Maman, j'ai raté l'avion !","Maman, j'ai encore raté l'avion !"
6941,Cameron Diaz,https://image.tmdb.org/t/p/original/d4f4cQ9EiYuvNMjT1IB2h06KoRx.jpg,Shrek,Shrek 2,The Mask
7399,Ben Stiller,https://image.tmdb.org/t/p/original/scgpxhI05JpdNXXfmpK6z0rPOWN.jpg,Madagascar,La Nuit au musée,La Vie rêvée de Walter Mitty
2975,Laurence Fishburne,https://image.tmdb.org/t/p/original/2GbXERENPpl5MmlqOLlPVaVtifD.jpg,Matrix,Batman v Superman : L'Aube de la Justice,Man of Steel
1979,Kevin Spacey,https://image.tmdb.org/t/p/original/nPrUZDEbGQe6jwpVbHKJCXsMd7r.jpg,Seven,Baby Driver,American Beauty
3084,Marlon Brando,https://image.tmdb.org/t/p/original/vklkhX4QlRKnEG8ylhWzoBdcuev.jpg,Le Parrain,Apocalypse Now,Superman Returns
1892,Matt Damon,https://image.tmdb.org/t/p/original/4KAxONjmVq7qcItdXo38SYtnpul.jpg,Interstellar,Thor : Ragnarok,Seul sur Mars
2231,Samuel L. Jackson,https://image.tmdb.org/t/p/original/AiAYAqwpM5xmiFrAIeQvUXDCVvo.jpg,Avengers,Avengers : Infinity War,Pulp Fiction
934,Russell Crowe,https://image.tmdb.org/t/p/original/rsxGCRtPu42uKDJZlz7qknvz8h6.jpg,Gladiator,Man of Steel,Un homme d'exception
1038,Jodie Foster,https://image.tmdb.org/t/p/original/resiaRfWvj4N84TgJi9DPOafCpq.jpg,Le Silence des agneaux,Taxi Driver,Elysium
12835,Vin Diesel,https://image.tmdb.org/t/p/original/nZdVry7lnUkE24PnXakok9okvL4.jpg,Avengers : Infinity War,Les Gardiens de la Galaxie,Avengers : Endgame
8169,Tyrese Gibson,https://image.tmdb.org/t/p/original/jxoy4fbXNKFQtBdK73cLXEz3ufS.jpg,Transformers,Fast & Furious 7,Fast & Furious 6
521,Michael J. Fox,https://image.tmdb.org/t/p/original/2JB4FMgQmnhbBlQ4SxWFN9EIVDi.jpg,Retour vers le futur,Retour vers le futur II,Retour vers le futur III
19540,Peter Cullen,https://image.tmdb.org/t/p/original/9Snf4fBUkk5MrAjqtNtgZRJYJbj.jpg,Transformers,Transformers 2 : La Revanche,Transformers 3 : La Face cachée de la Lune
109,Elijah Wood,https://image.tmdb.org/t/p/original/7UKRbJBNG7mxBl2QQc5XsAh6F8B.jpg,Le Seigneur des anneaux : La Communauté de l'anneau,Le Seigneur des anneaux : Le Retour du roi,Le Seigneur des anneaux : Les Deux Tours
110,Viggo Mortensen,https://image.tmdb.org/t/p/original/vH5gVSpHAMhDaFWfh0Q7BG61O1y.jpg,Le Seigneur des anneaux : La Communauté de l'anneau,Le Seigneur des anneaux : Le Retour du roi,Le Seigneur des anneaux : Les Deux Tours
19588,Miyu Irino,https://image.tmdb.org/t/p/original/8qEEhHUObNvGQr4e6eqLu5z4qTz.jpg,Le Voyage de Chihiro,Silent Voice,Dragon Ball Super : Super Hero
1245,Scarlett Johansson,https://image.tmdb.org/t/p/original/mjReG6rR7NPMEIWb1T4YWtV11ty.jpg,Avengers,Avengers : Infinity War,Avengers : Endgame
8783,Eric Bana,https://image.tmdb.org/t/p/original/xIjQVywxkymHbbSO7lD2F9f377W.jpg,Le Monde de Nemo,Troie,Star Trek
8784,Daniel Craig,https://image.tmdb.org/t/p/original/iFerDZUmC5Fu26i4qI8xnUVEHc7.jpg,Star Wars : Le Réveil de la Force,Skyfall,À couteaux tirés
3489,Naomi Watts,https://image.tmdb.org/t/p/original/k6l8BWX1yqfGt95enzEkHoPvON4.jpg,Birdman,Divergente 2 : L'Insurrection,King Kong
3490,Adrien Brody,https://image.tmdb.org/t/p/original/qBc7ahQrpVpcllaZ5hkivsOEb3C.jpg,The Grand Budapest Hotel,Le Pianiste,King Kong
3895,Michael Caine,https://image.tmdb.org/t/p/original/bVZRMlpjTAO2pJK6v90buFgVbSW.jpg,Inception,Interstellar,The Dark Knight : Le Chevalier noir
3967,Kate Beckinsale,https://image.tmdb.org/t/p/original/nUZuC2chd5PVw2tLxePZ6uaLbhx.jpg,Click : Télécommandez votre vie,Pearl Harbor,Underworld
6194,Claire Danes,https://image.tmdb.org/t/p/original/ustSV3r790QyskweHVC2XqDWs7U.jpg,Terminator 3 : Le Soulèvement des machines,Roméo + Juliette,"Stardust, le mystère de l'étoile"
8170,Eva Mendes,https://image.tmdb.org/t/p/original/uj6IaUDEUB7swj46dPjHAi3TEk4.jpg,Fast & Furious 5,2 Fast 2 Furious,Training Day
4785,Jeff Goldblum,https://image.tmdb.org/t/p/original/ceSmXnD0FUSTaq2WIrnZu9caL0t.jpg,Les Gardiens de la Galaxie Vol. 2,Thor : Ragnarok,Jurassic Park
4959,Claudia Cardinale,https://image.tmdb.org/t/p/original/m7iyqSEMHI1qmKx7ml4HmVyG0BC.jpg,Il était une fois dans l'Ouest,Huit et demi,La Panthère rose
7450,Toshirō Mifune,https://image.tmdb.org/t/p/original/3A9PqrtiXHLp8B2JL7m3YvVXrmL.jpg,Les Sept Samouraïs,Rashōmon,Le Garde du corps
2963,Nicolas Cage,https://image.tmdb.org/t/p/original/ar33qcWbEgREn07ZpXv5Pbj8hbM.jpg,Spider-Man : New Generation,Kick-Ass,Les Croods
3293,Rachel Weisz,https://image.tmdb.org/t/p/original/msTqKPA33ryVtcVNgOdeaJGYq16.jpg,Black Widow,La Momie,Constantine
5292,Denzel Washington,https://image.tmdb.org/t/p/original/tRYHzK6WmxOCrqeO3OnEUAF5ied.jpg,Equalizer,Le Livre d'Eli,Training Day
2282,Ben Kingsley,https://image.tmdb.org/t/p/original/vQtBqpF2HDdzbfXHDzR4u37i1Ac.jpg,Shutter Island,Iron Man 3,La Liste de Schindler
3291,Hugh Grant,https://image.tmdb.org/t/p/original/hsSfxSHzkKJ6ZKq1Ofngcp7aAnT.jpg,Cloud Atlas,Love Actually,Agents très spéciaux : Code U.N.C.L.E.
2219,Tobey Maguire,https://image.tmdb.org/t/p/original/s6PwSvq6gC7PGEjIku69tPbvR8M.jpg,Spider-Man : No Way Home,Spider-Man,Spider-Man 2
27972,Josh Hutcherson,https://image.tmdb.org/t/p/original/f0eosZ1Fx0VBUyspq8K2f8sUSBn.jpg,Hunger Games,Hunger Games : L'Embrasement,Hunger Games : La Révolte - Partie 1
3061,Ewan McGregor,https://image.tmdb.org/t/p/original/q2UDxfwWnmXTB7khOUF3J9puBVP.jpg,Star Wars : Le Réveil de la Force,La Belle et la Bête,"Star Wars, épisode I - La Menace fantôme"
8252,William Holden,https://image.tmdb.org/t/p/original/qEuJZiPXKFm1LdtbnHKGj2hQm8a.jpg,Boulevard du crépuscule,Le Pont de la rivière Kwaï,Network : Main basse sur la télévision
8891,John Travolta,https://image.tmdb.org/t/p/original/ap8eEYfBKTLixmVVpRlq4NslDD5.jpg,Pulp Fiction,Grease,"Volt, star malgré lui"
4690,Christopher Walken,https://image.tmdb.org/t/p/original/wShPFtq1fjTH4zx7W6SeKsO9Npz.jpg,Pulp Fiction,Arrête-moi si tu peux,Le Livre de la jungle
9642,Jude Law,https://image.tmdb.org/t/p/original/6UadpSbfC39WMChAcdnNunzwDxv.jpg,Captain Marvel,The Grand Budapest Hotel,Sherlock Holmes
2090,Kirk Douglas,https://image.tmdb.org/t/p/original/t94It9bPI6uBvNuuQlQipyYyURC.jpg,Les Sentiers de la gloire,Spartacus,20 000 Lieues sous les mers
12073,Mike Myers,https://image.tmdb.org/t/p/original/gjfDl52Kk02MPgUYFjs9bOy33OY.jpg,Inglourious Basterds,Shrek,Bohemian Rhapsody
776,Eddie Murphy,https://image.tmdb.org/t/p/original/qgjMfefsKwSYsyCaIX46uyOXIpy.jpg,Shrek,Shrek 2,Mulan
13848,Charlie Chaplin,https://image.tmdb.org/t/p/original/aSPJoYa2kKN2uEMHMf4XotrUxXC.jpg,Les Temps Modernes,Le Dictateur,Les Lumières de la ville
16483,Sylvester Stallone,https://image.tmdb.org/t/p/original/gn3pDWthJqR0VDYGViGD3048og7.jpg,Les Gardiens de la Galaxie Vol. 2,Men in Black,The Suicide Squad
6968,Hugh Jackman,https://image.tmdb.org/t/p/original/4Xujtewxqt6aU0Y81tsS9gkjizk.jpg,Logan,Le Prestige,X-Men : Days of Future Past
2185754,Yang Tianxiang,https://image.tmdb.org/t/p/original/jEwKu9VEtl0ecc6oA264U3iJV08.jpg,White Snake,New Gods : Nezha Reborn,Green Snake
2,Mark Hamill,https://image.tmdb.org/t/p/original/2ZulC2Ccq1yv3pemusks6Zlfy2s.jpg,La Guerre des étoiles,Star Wars : Le Réveil de la Force,L'Empire contre-attaque
4,Carrie Fisher,https://image.tmdb.org/t/p/original/awb4UqzT6meD3JiQlraIzAqcRtH.jpg,La Guerre des étoiles,Star Wars : Le Réveil de la Force,L'Empire contre-attaque
516,Annette Bening,https://image.tmdb.org/t/p/original/sBiiRwAVXd0FCRZ87m0I89qGBvy.jpg,Captain Marvel,American Beauty,Mars Attacks!
7664,Joseph Cotten,https://image.tmdb.org/t/p/original/pnfhmmCyo82lHcps42A1COobaxt.jpg,Citizen Kane,Le Troisième Homme,La soif du Mal
52,David Morse,https://image.tmdb.org/t/p/original/A6zGbkFjM3uajIakgsSeNTmSKqY.jpg,La Ligne verte,World War Z,L'Armée des 12 singes
64,Gary Oldman,https://image.tmdb.org/t/p/original/2v9FVVBUrrkW2m3QOcYkuhq9A6o.jpg,The Dark Knight : Le Chevalier noir,The Dark Knight Rises,Harry Potter et le Prisonnier d'Azkaban
118,Geoffrey Rush,https://image.tmdb.org/t/p/original/4zQuC1j0p7HkJlfuT8aJoyZAgQm.jpg,Pirates des Caraïbes : La Malédiction du Black Pearl,Le Monde de Nemo,Pirates des Caraïbes : Le Secret du coffre maudit
204,Kate Winslet,https://image.tmdb.org/t/p/original/cPRq7uH3PIFcHilP15BrMKunink.jpg,Titanic,Eternal Sunshine of the Spotless Mind,Divergente
233590,Yoshitsugu Matsuoka,https://image.tmdb.org/t/p/original/ugDwdWEXnmv43jcbnfAi4XwiQ8C.jpg,Demon Slayer : Kimetsu no Yaiba - Le film : Le train de l'Infini,Jujutsu Kaisen 0,Sword Art Online: Ordinal Scale
478,Jamie Bell,https://image.tmdb.org/t/p/original/xAfNYOJYOy5ee9PHbBF8Y6xzZ9I.jpg,Snowpiercer : Le Transperceneige,King Kong,Les 4 Fantastiques
116,Keira Knightley,https://image.tmdb.org/t/p/original/pxzcVzTyJBKwfuyRLDtax1Jmr7o.jpg,Pirates des Caraïbes : La Malédiction du Black Pearl,Imitation Game,Pirates des Caraïbes : Le Secret du coffre maudit
326,Kim Basinger,https://image.tmdb.org/t/p/original/iqQ4o2sRna7J1Z9KkB9Avp9CIsk.jpg,The Nice Guys,Cinquante nuances plus claires,Batman
448,Hilary Swank,https://image.tmdb.org/t/p/original/uin6aAehUGpPCiJCaSjZG8B7M7d.jpg,Million Dollar Baby,Insomnia,Logan Lucky
819,Edward Norton,https://image.tmdb.org/t/p/original/8nytsqL59SFJTVYVrN72k6qkGgJ.jpg,Fight Club,The Grand Budapest Hotel,Birdman
820,Edward Furlong,https://image.tmdb.org/t/p/original/e221dMIBgb6Lk092GIkHB9ohQF1.jpg,Terminator 2 : Le Jugement dernier,American History X,Terminator : Dark Fate
501,Dakota Fanning,https://image.tmdb.org/t/p/original/6bNiiHnZZfA7YYIxO5FszvNFBlI.jpg,Once Upon a Time... in Hollywood,"Twilight, chapitre 2 : Tentation","Twilight, chapitre 5 : Révélation, 2ème partie"
1146,Julie Delpy,https://image.tmdb.org/t/p/original/xDnHw9cgIPxj2IQ5p7kW5FIBMZu.jpg,Avengers : L'Ère d'Ultron,Before Sunrise,Before Sunset
650,Karen Allen,https://image.tmdb.org/t/p/original/eJszpndpRzrXbSlz7RUlApoTykn.jpg,Les Aventuriers de l'arche perdue,Indiana Jones et le royaume du crâne de cristal,Indiana Jones et le Cadran de la destinée
723,Patrick Swayze,https://image.tmdb.org/t/p/original/cjOI4kvoLIec0ZnqXibjSTDfq3y.jpg,Donnie Darko,Dirty Dancing,Ghost
738,Sean Connery,https://image.tmdb.org/t/p/original/hbB676mW62gjsh0f51ICYE11niG.jpg,Indiana Jones et la dernière croisade,Les Incorruptibles,Rock
14812,Jeanne Moreau,https://image.tmdb.org/t/p/original/lsIlRbcStJev5n1mypIeUUYKWuy.jpg,Love Actually,Les Quatre Cents Coups,Nikita
73421,Joaquin Phoenix,https://image.tmdb.org/t/p/original/u38k3hQBDwNX0VA22aQceDp9Iyv.jpg,Joker,Gladiator,Her
935,Connie Nielsen,https://image.tmdb.org/t/p/original/lvQypTfeH2Gn2PTbzq6XkT2PLmn.jpg,Wonder Woman,Gladiator,Justice League
524,Natalie Portman,https://image.tmdb.org/t/p/original/edPU5HxncLWa1YkgRPNkSd68ONG.jpg,Avengers : Endgame,Thor,Thor : Le Monde des ténèbres
1036,Cybill Shepherd,https://image.tmdb.org/t/p/original/ci20y6ilSmiw759cUwQVheOqNaD.jpg,Taxi Driver,La Dernière Séance,Broadway therapy
17647,Michelle Rodriguez,https://image.tmdb.org/t/p/original/76sSLbMKLH80jlmMeqsHIIvlQgG.jpg,Avatar,Fast & Furious 7,Fast & Furious 6
976,Jason Statham,https://image.tmdb.org/t/p/original/whNwkEQYWLFJA8ij0WyOOAD5xhQ.jpg,Fast & Furious 7,Fast & Furious 6,Fast & Furious 8
1352,Jean-Louis Trintignant,https://image.tmdb.org/t/p/original/pNcpelmMkveMiGXZQNTkXMwoLiG.jpg,Amour,Trois couleurs : Rouge,La Cité des Enfants Perdus
1160,Michelle Pfeiffer,https://image.tmdb.org/t/p/original/oGUmQBU87QXAsnaGleYaAjAXSlj.jpg,Avengers : Endgame,Ant-Man et la Guêpe,Scarface
1812,Michelle Williams,https://image.tmdb.org/t/p/original/mfgKyigaQLI0NtZsaJRVlbUiMdX.jpg,Shutter Island,Venom,Venom : Let There Be Carnage
30614,Ryan Gosling,https://image.tmdb.org/t/p/original/asoKC7CLCqpZKZDL6iovNurQUdf.jpg,La La Land,Blade Runner 2049,Drive
1229,Jeff Bridges,https://image.tmdb.org/t/p/original/xms1RAY6q7Lzp7wNeRCB0kzhucn.jpg,Iron Man,Spider-Man : Far From Home,The Big Lebowski
1230,John Goodman,https://image.tmdb.org/t/p/original/yyYqoyKHO7hE1zpgEV2XlqYWcNV.jpg,Monstres & Cie,Cars : Quatre roues,The Big Lebowski
1231,Julianne Moore,https://image.tmdb.org/t/p/original/3YF19rWusxWfEI59ZM33dFhasRq.jpg,Hunger Games : La Révolte - Partie 1,Hunger Games : La Révolte - Partie 2,The Big Lebowski
1269,Kevin Costner,https://image.tmdb.org/t/p/original/bykmxJHLfbFM3NT05RZXhx8YTzF.jpg,Batman v Superman : L'Aube de la Justice,Man of Steel,Zack Snyder's Justice League
13240,Mark Wahlberg,https://image.tmdb.org/t/p/original/bTEFpaWd7A6AZVWOqKKBWzKEUe8.jpg,Les Infiltrés,Ted,Transformers : L’Âge de l’extinction
2039,Brendan Gleeson,https://image.tmdb.org/t/p/original/ctPPJu5ZYDZr1IPmzoNpezczrm0.jpg,Harry Potter et la Coupe de feu,Harry Potter et l'Ordre du Phénix,Harry Potter et les Reliques de la Mort - 1ère partie
5469,Ralph Fiennes,https://image.tmdb.org/t/p/original/u29BOqiV5GCQ8k8WUJM50i9xlBf.jpg,Harry Potter et la Coupe de feu,Harry Potter et les Reliques de la Mort - 2ème partie,Harry Potter et l'Ordre du Phénix
1810,Heath Ledger,https://image.tmdb.org/t/p/original/AdWKVqyWpkYSfKE5Gb2qn8JzHni.jpg,The Dark Knight : Le Chevalier noir,10 bonnes raisons de te larguer,Le Secret de Brokeback Mountain
2310,Bruno Ganz,https://image.tmdb.org/t/p/original/8bhS1PObqe8OOVcyIRxV5Rcdufd.jpg,La Chute,Sans identité,The Reader
1680,Mami Koyama,https://image.tmdb.org/t/p/original/4KjDxYsa7mMh8gbqSKCV2DixDAx.jpg,Akira,One Piece Film - Red,Millennium Actress
21007,Jonah Hill,https://image.tmdb.org/t/p/original/cymlWttB83MsAGR2EkTgANtjeRH.jpg,Django Unchained,Le Loup de Wall Street,Dragons
1932,Audrey Hepburn,https://image.tmdb.org/t/p/original/wg3RRHA5jV755dV0ksQ9g0Nc2xE.jpg,Diamants sur canapé,Vacances romaines,Charade
2037,Cillian Murphy,https://image.tmdb.org/t/p/original/llkbyWKwpfowZ6C8peBjIV9jj99.jpg,Inception,The Dark Knight : Le Chevalier noir,The Dark Knight Rises
2047,Danny Glover,https://image.tmdb.org/t/p/original/7ZyztVlG7OpqD0EhzG8iwYNcd1s.jpg,2012,Saw,Jumanji : Next Level
2206,Samantha Morton,https://image.tmdb.org/t/p/original/v84b7MENeD9rwX6xTD7fSdhSOC9.jpg,Les Animaux Fantastiques,Minority Report,John Carter
10959,Shia LaBeouf,https://image.tmdb.org/t/p/original/ljlpaXEManszxIcshYQoqo4au03.jpg,Fury,"I, Robot",Transformers
2296,Clive Owen,https://image.tmdb.org/t/p/original/xlWpuLgwxMnZEVgV9OID1TkUNtP.jpg,La Mémoire dans la peau,Sin City,Valérian et la cité des mille planètes
2405,Audrey Tautou,https://image.tmdb.org/t/p/original/k66PCmlqbduszP4nFUDBdwrDr6r.jpg,Le Fabuleux Destin d'Amélie Poulain,Da Vinci Code,Un long dimanche de fiançailles
16851,Josh Brolin,https://image.tmdb.org/t/p/original/sX2etBbIkxRaCsATyw5ZpOVMPTD.jpg,Avengers : Infinity War,Les Gardiens de la Galaxie,Avengers : Endgame
2598,Sophie Okonedo,https://image.tmdb.org/t/p/original/3qjLcD3S9yQNvYySZLtnYwxqTyN.jpg,After Earth,Ace Ventura en Afrique,Mort sur le Nil
112,Cate Blanchett,https://image.tmdb.org/t/p/original/mXpe59YDxcvAJS6EtshsvsRvLZP.jpg,Le Seigneur des anneaux : La Communauté de l'anneau,Le Seigneur des anneaux : Le Retour du roi,Le Seigneur des anneaux : Les Deux Tours
2712,Michael Biehn,https://image.tmdb.org/t/p/original/9oFLsADWQm2TvU8XzLIzBbjdMkU.jpg,Terminator,"Aliens, le retour",Grease
2713,Linda Hamilton,https://image.tmdb.org/t/p/original/7FNn9Z5xkRS9EFbGL2tpmpph9xV.jpg,Terminator,Terminator 2 : Le Jugement dernier,Terminator Renaissance
3359,Laurence Olivier,https://image.tmdb.org/t/p/original/kziWbtgEJB0dFZA6kPyzoaYEyQ5.jpg,Spartacus,Rebecca,Capitaine Sky et le monde de demain
3360,Joan Fontaine,https://image.tmdb.org/t/p/original/y5Hl4TyipNN7463zZpPq5KFB3aM.jpg,Rebecca,Soupçons,Lettre d'une inconnue
3361,George Sanders,https://image.tmdb.org/t/p/original/5tzdY4lCnfbLZU8Wblp5xfjn10B.jpg,Le Livre de la jungle,Rebecca,Ève
34027,Stefania Sandrelli,https://image.tmdb.org/t/p/original/34TBDJskMAx69sjT03wHGMOIT7i.jpg,Une famille italienne,Le Conformiste,1900
15135,Alain Delon,https://image.tmdb.org/t/p/original/dRPDxFehaVGbHojEUsCvqLSNfqH.jpg,Astérix aux Jeux olympiques,Le Samouraï,Le Guépard
3085,James Caan,https://image.tmdb.org/t/p/original/v3flJtQEyczxENi29yJyvnN6LVt.jpg,Le Parrain,"Le Parrain, 2e partie",Tempête de boulettes géantes
3151,Jack Lemmon,https://image.tmdb.org/t/p/original/7jWVWLr1VJqQrN3d4YJaATCIHRw.jpg,Certains l'aiment chaud,La Garçonnière,JFK
3094,Talia Shire,https://image.tmdb.org/t/p/original/RkFJejmEKM80ly6fPSN7octO5c.jpg,Le Parrain,"Le Parrain, 2e partie",Rocky
3088,Sterling Hayden,https://image.tmdb.org/t/p/original/dCTe6BsGSp9QTcva2Pz4wbxxYMY.jpg,Le Parrain,Docteur Folamour,L'Ultime Razzia
2395,Whoopi Goldberg,https://image.tmdb.org/t/p/original/wZKI7qcEIVgiHxeFtk3NuKt8URQ.jpg,Le Roi lion,Toy Story 3,Ninja Turtles
2508433,Tang Xiaoxi,https://image.tmdb.org/t/p/original/gsqR3dgkDYSmKUpHAF1XUPSLyS4.jpg,White Snake,Green Snake,白蛇3：浮生
3635,Elizabeth Taylor,https://image.tmdb.org/t/p/original/luj6AJgWpwKtXJNwmAAT5PYHJx3.jpg,La Famille Pierrafeu,Qui a peur de Virginia Woolf ?,Cléopâtre
2232,Michael Keaton,https://image.tmdb.org/t/p/original/82rxrGxOqQW2NjKsIiNbDYHFfmb.jpg,Spider-Man : Homecoming,Toy Story 3,Cars : Quatre roues
4173,Anthony Hopkins,https://image.tmdb.org/t/p/original/cbFWUHhk6pZKTEm48OKVM5awNNn.jpg,Thor,Thor : Ragnarok,Thor : Le Monde des ténèbres
3905,William H. Macy,https://image.tmdb.org/t/p/original/r8L4rJlEZXKo91nJjoMXaMHHt0P.jpg,Room,Fargo,Jurassic Park III
884,Steve Buscemi,https://image.tmdb.org/t/p/original/lQKdHMxfYcCBOvwRKBAxPZVNtkg.jpg,Pulp Fiction,Monstres & Cie,Reservoir Dogs
504,Tim Robbins,https://image.tmdb.org/t/p/original/djLVFETFTvPyVUdrd7aLVykobof.jpg,Les Évadés,Top Gun,La Guerre des mondes
4091,Fred MacMurray,https://image.tmdb.org/t/p/original/lxxixlFMNH0JuA9K0K3mJmigYcc.jpg,La Garçonnière,Assurance sur la mort,Les cadavres ne portent pas de costard
4110,Humphrey Bogart,https://image.tmdb.org/t/p/original/4pk2VbOb2td7iBZyir6Ji46HH4N.jpg,Casablanca,Le Faucon maltais,Sabrina
4111,Ingrid Bergman,https://image.tmdb.org/t/p/original/9LdhzK5CVkLZjRdQ08V9C0Oiu9I.jpg,Casablanca,Les Enchaînés,Le Crime de l'Orient-Express
4165,John Wayne,https://image.tmdb.org/t/p/original/ggHZ8WTKaoD9bGRhmC1FlV9sXwL.jpg,La Prisonnière du désert,L'Homme qui tua Liberty Valance,Rio Bravo
4724,Kevin Bacon,https://image.tmdb.org/t/p/original/rjX2Oz3tCZMfSwOoIAyEhdtXnTE.jpg,X-Men : Le Commencement,"Crazy, Stupid, Love",Mystic River
4783,Sam Neill,https://image.tmdb.org/t/p/original/iIfuxalf37xUayuGyK0zG7z6WEZ.jpg,Thor : Ragnarok,Jurassic Park,Thor: Love and Thunder
4784,Laura Dern,https://image.tmdb.org/t/p/original/61orYfnwHyGd64xcyBnwQMvBuua.jpg,Jurassic Park,Star Wars : Les Derniers Jedi,Nos étoiles contraires
1233,Philip Seymour Hoffman,https://image.tmdb.org/t/p/original/50rqDkmvXwjwVhFH7q6ph2Rkw7S.jpg,Hunger Games : L'Embrasement,Hunger Games : La Révolte - Partie 1,Hunger Games : La Révolte - Partie 2
4970,Ruth Gordon,https://image.tmdb.org/t/p/original/olYZzSJTMTCP855EBNt9jJ7V2Ga.jpg,Rosemary's Baby,Harold et Maude,"Doux, dur et dingue"
2227,Nicole Kidman,https://image.tmdb.org/t/p/original/6HPtgxF8RBFiGJSkvc4TZGERNXN.jpg,Aquaman,Les Autres,Lion
7453,Takashi Shimura,https://image.tmdb.org/t/p/original/j88EU7H06bQePjyaZffoNFuG0L6.jpg,Les Sept Samouraïs,Rashōmon,Le Garde du corps
5064,Meryl Streep,https://image.tmdb.org/t/p/original/emAAzyK1rJ6aiMi0wsWYp51EC3h.jpg,Le Diable s'habille en Prada,Don't Look Up : Déni cosmique,Mamma Mia!
5081,Emily Blunt,https://image.tmdb.org/t/p/original/zpJ7pupuNF3W0zTxm6yioGIoxbd.jpg,Sans un bruit,Edge of Tomorrow,Le Diable s'habille en Prada
94185,Shailene Woodley,https://image.tmdb.org/t/p/original/gL2NvHKW9wAH3qkZuJ76ULUiArB.jpg,Divergente,Nos étoiles contraires,Divergente 2 : L'Insurrection
587020,Theo James,https://image.tmdb.org/t/p/original/lSC4cMhcQeCjPFkK6qCjSGDSeR3.jpg,Divergente,Divergente 2 : L'Insurrection,Divergente 3 : Au-delà du mur
54693,Emma Stone,https://image.tmdb.org/t/p/original/8NwSfyYWIIUE1cI9Xhz92b0w7WD.jpg,The Amazing Spider-Man,La La Land,The Amazing Spider-Man : Le Destin d'un héros
10859,Ryan Reynolds,https://image.tmdb.org/t/p/original/l4t0lLxAKMOXG9zCHFQH4WyoQOO.jpg,Deadpool,Deadpool 2,Ted
73968,Henry Cavill,https://image.tmdb.org/t/p/original/kN3A5oLgtKYAxa9lAkpsIGYKYVo.jpg,Batman v Superman : L'Aube de la Justice,Man of Steel,Justice League
17288,Michael Fassbender,https://image.tmdb.org/t/p/original/e7SxBHtAxTyNE4GdOrHD7kqkukm.jpg,Inglourious Basterds,X-Men : Days of Future Past,300
5248,Lee J. Cobb,https://image.tmdb.org/t/p/original/yxMxBvM0PZwu7YXQamG0kFwt9DZ.jpg,Douze Hommes en colère,L'Exorciste,Sur les quais
14276,Gian Maria Volonté,https://image.tmdb.org/t/p/original/xPwxiUgSnvqMvPTm2TlqTUskOJ.jpg,Pour une poignée de dollars,…Et pour quelques dollars de plus,Enquête sur un citoyen au-dessus de tout soupçon
4756,Matthew Broderick,https://image.tmdb.org/t/p/original/q3Qe6LODvoKF3AKElVAmxBFpTGd.jpg,Le Roi lion,Manchester by the Sea,La Folle Journée de Ferris Bueller
5577,Chris O'Donnell,https://image.tmdb.org/t/p/original/KvWBFg1aMBdu4X2PihXYL8xcFD.jpg,Batman Forever,Batman & Robin,Le Temps d'un week-end
5682,Anouk Aimée,https://image.tmdb.org/t/p/original/rXkZZRfbBlGfcxQstQqeXX0GDZx.jpg,Huit et demi,La dolce vita,Un homme et une femme
4078,Lee Van Cleef,https://image.tmdb.org/t/p/original/yQc5wjNCdRZzPp5E2wRPRYsEq9a.jpg,"Le Bon, la Brute et le Truand",…Et pour quelques dollars de plus,New York 1997
55638,Kevin Hart,https://image.tmdb.org/t/p/original/byiNydUlM6oP8diA7WMvYbNM7a1.jpg,Jumanji : Bienvenue dans la jungle,Jumanji : Next Level,Comme des bêtes
6161,Jennifer Connelly,https://image.tmdb.org/t/p/original/7GzRB9aAJVkWaQ2BuzzlpTwYf56.jpg,Spider-Man : Homecoming,Un homme d'exception,Requiem for a Dream
11825,Maggie Grace,https://image.tmdb.org/t/p/original/fEZSGno4ooPgFjuGzE7ogsWEHsh.jpg,Taken,"Twilight, chapitre 5 : Révélation, 2ème partie","Twilight, chapitre 4 : Révélation, 1ère partie"
10696,Famke Janssen,https://image.tmdb.org/t/p/original/nt4fpE3cerdDWyZFiRkYRDcOYh4.jpg,X-Men : Days of Future Past,X-Men,Taken
5149,Bonnie Hunt,https://image.tmdb.org/t/p/original/tT9C6uLztgN8OxJULq6F9iEzqlA.jpg,Monstres & Cie,La Ligne verte,Zootopie
1037,Harvey Keitel,https://image.tmdb.org/t/p/original/7P30hza1neYWW3r7rSQOC736K2Z.jpg,Pulp Fiction,Inglourious Basterds,The Grand Budapest Hotel
4566,Alan Rickman,https://image.tmdb.org/t/p/original/nKl8ZRYjBJya7aj7phJUyrtSll6.jpg,Harry Potter à l'école des sorciers,Harry Potter et la Chambre des secrets,Harry Potter et le Prisonnier d'Azkaban
4070,Grace Kelly,https://image.tmdb.org/t/p/original/7cZ4uTbRiXM7nF1vaF9MpV7VxOo.jpg,Fenêtre sur cour,Le crime était presque parfait,La Main au collet
4430,Sharon Stone,https://image.tmdb.org/t/p/original/eg8DKQGLJrIA1Yjee0y7K5K6QWq.jpg,Casino,Total Recall,Fourmiz
707,Dan Aykroyd,https://image.tmdb.org/t/p/original/iVMmeVJx8IpCEjlGBZWzIWvX5Qo.jpg,Indiana Jones et le Temple maudit,S.O.S. Fantômes,Pixels
16757,Sophia Loren,https://image.tmdb.org/t/p/original/94Kglg5dsAgOKG76230FFN7m6W3.jpg,Une journée particulière,Nine,La ciociara
15886,Julia Louis-Dreyfus,https://image.tmdb.org/t/p/original/sXpjQoFoYqNehfWhlkScF8lo9vc.jpg,Black Widow,1001 Pattes,Black Panther : Wakanda Forever
230659,Takeru Satoh,https://image.tmdb.org/t/p/original/dKWtZXEnTOedUUnDwBCZZN7w2uG.jpg,Kenshin : le vagabond,Belle,Kenshin : Kyoto Inferno
17051,James Franco,https://image.tmdb.org/t/p/original/bjmAntHGiibLZixH8nTNVBzaFQn.jpg,Spider-Man,Spider-Man 2,Spider-Man 3
96066,Liam Hemsworth,https://image.tmdb.org/t/p/original/7UIm9RoBnlqS1uLlbElAY8urdWD.jpg,Hunger Games,Hunger Games : L'Embrasement,Hunger Games : La Révolte - Partie 1
8606,Robert Shaw,https://image.tmdb.org/t/p/original/bU4IJ4J1mgrriRTdQ4BOemoHvtt.jpg,Les Dents de la mer,Bons baisers de Russie,L'Arnaque
10722,Graham Chapman,https://image.tmdb.org/t/p/original/qmTXDGNxuuwQ4IGNHwxmCdjuTGk.jpg,Monty Python : Sacré Graal !,Monty Python : La Vie de Brian,Monty Python - le sens de la vie
8930,John Cleese,https://image.tmdb.org/t/p/original/nQpBf77cStmR35V0XOinm2zZMWG.jpg,Harry Potter à l'école des sorciers,Harry Potter et la Chambre des secrets,Shrek 2
8167,Paul Walker,https://image.tmdb.org/t/p/original/q2PLqKHYCs35HR7QybaNPH3JT96.jpg,Fast & Furious 7,Fast & Furious 6,Fast and Furious
7132,Vincent D'Onofrio,https://image.tmdb.org/t/p/original/qkyiLolEqYMGH25xD4sFIXAjZQB.jpg,Jurassic World,Men in Black,Full Metal Jacket
2283,Stanley Tucci,https://image.tmdb.org/t/p/original/q4TanMDI5Rgsvw4SfyNbPBh4URr.jpg,Hunger Games,Captain America : First Avenger,Hunger Games : L'Embrasement
8487,Gregory Peck,https://image.tmdb.org/t/p/original/pugayYkpmD2CXY7D0aweLkDRLaf.jpg,Les Nerfs à vif,Du silence et des ombres,La Malédiction
8630,Erich von Stroheim,https://image.tmdb.org/t/p/original/lUoSEdmX6Cl7lLUnV4ewLkVDnhY.jpg,Boulevard du crépuscule,La Grande Illusion,Intolérance
8741,Victor Sjöström,https://image.tmdb.org/t/p/original/iGtT2mbmLt80YPk9lXJRSyxaEKW.jpg,Les Fraises sauvages,La Charrette fantôme,Terje Vigen
6657,Bibi Andersson,https://image.tmdb.org/t/p/original/6EGqmWOR3R3jv3IgrEZmCjTAVGv.jpg,Le Septième Sceau,Persona,Les Fraises sauvages
8767,Jim Caviezel,https://image.tmdb.org/t/p/original/3dwavYsGYA6zzzipfdLIHbudIZW.jpg,Évasion,Déjà vu,Rock
9560,Ellen Burstyn,https://image.tmdb.org/t/p/original/uEHZoAtCnGCXvQDHe3s3DWW2G1c.jpg,Interstellar,Requiem for a Dream,L'Exorciste
9640,Haley Joel Osment,https://image.tmdb.org/t/p/original/2rnMTQB9Q3vLtmRyyUaenVwSgfY.jpg,Forrest Gump,Sixième Sens,A.I. Intelligence artificielle
64880,Choi Min-sik,https://image.tmdb.org/t/p/original/sd7gIA6nEkq6zumkDCfxSE0YSSV.jpg,Lucy,Old Boy,J'ai rencontré le Diable
10017,Charlton Heston,https://image.tmdb.org/t/p/original/mJabHWZrjlFiF8U8Bbr8lSFtLX6.jpg,Armageddon,Hercule,True lies : Le caméléon
2299,Josh Hartnett,https://image.tmdb.org/t/p/original/8nTEioiir92fGHcASarPxkjF6kG.jpg,Oppenheimer,Sin City,Pearl Harbor
1243,Woody Allen,https://image.tmdb.org/t/p/original/wcPQgZLDibuej1RwNTy1R2U2ZJw.jpg,Fourmiz,Annie Hall,Café Society
3292,Nicholas Hoult,https://image.tmdb.org/t/p/original/laeAYQVBV9U3DkJ1B4Cn1XhpT8P.jpg,Mad Max : Fury Road,Deadpool 2,X-Men : Days of Future Past
3051,Toni Collette,https://image.tmdb.org/t/p/original/lzXRh16qe4HHeBN6tMyw0DHvaMn.jpg,À couteaux tirés,Sixième Sens,xXx : Reactivated
6885,Charlize Theron,https://image.tmdb.org/t/p/original/ie1KbeYFG5E0GVr1QP7tDNuXvga.jpg,Mad Max : Fury Road,Prometheus,Fast & Furious 8
11510,Macaulay Culkin,https://image.tmdb.org/t/p/original/5lSoFnWb4HmxEREqcFvBGgXu5H.jpg,"Maman, j'ai raté l'avion !","Maman, j'ai encore raté l'avion !",Richie Rich
11511,Daniel Stern,https://image.tmdb.org/t/p/original/939oerf8bJPrqT2a0N0oGuM1bjn.jpg,"Maman, j'ai raté l'avion !","Maman, j'ai encore raté l'avion !",Les Trois Prochains Jours
3223,Robert Downey Jr.,https://image.tmdb.org/t/p/original/5qHNjhtjMD4YWH3UP0rm4tKwxCL.jpg,Avengers,Avengers : Infinity War,Iron Man
37917,Kristen Stewart,https://image.tmdb.org/t/p/original/ryhCjTGqS6G6OprbR0qUEH355lA.jpg,"Twilight, chapitre 1 : Fascination",Into the Wild,"Twilight, chapitre 2 : Tentation"
17276,Gerard Butler,https://image.tmdb.org/t/p/original/rTO5opVC3Gs6hPYAxWSP9eEjogi.jpg,300,Dragons,Dragons 2
10182,Ving Rhames,https://image.tmdb.org/t/p/original/4gpLVNKPZlVucc4fT2fSZ7DksTK.jpg,Pulp Fiction,Les Gardiens de la Galaxie Vol. 2,Mission : Impossible - Protocole Fantôme
12248,Alec Guinness,https://image.tmdb.org/t/p/original/gplGgl6XERpvYdluiwY8GlxSdpi.jpg,La Guerre des étoiles,Star Wars : Le Réveil de la Force,L'Empire contre-attaque
1337,Tony Leung Chiu-wai,https://image.tmdb.org/t/p/original/nQbSQAws5BdakPEB5MtiqWVeaMV.jpg,Shang-Chi et la Légende des Dix Anneaux,In the Mood for Love,Hero
12726,Trevor Howard,https://image.tmdb.org/t/p/original/6HDJGXcedqyHx7oCPtUdCXn4z76.jpg,Superman,Gandhi,Superman II
12898,Tim Allen,https://image.tmdb.org/t/p/original/woWhZzFILVhYMAvsPL171HjMY0y.jpg,Toy Story,Toy Story 3,Cars : Quatre roues
13578,Dana Andrews,https://image.tmdb.org/t/p/original/gTZaqIS441ejTsQmfZff6SHvWja.jpg,Laura,Les Plus Belles Années de notre vie,L'Étrange Incident
4135,Robert Redford,https://image.tmdb.org/t/p/original/hNiy78lk26xTE6tjisSCowcOVw0.jpg,Avengers : Endgame,Captain America : Le Soldat de l'hiver,L'Arnaque
887,Owen Wilson,https://image.tmdb.org/t/p/original/op8sGD20k3EQZLR92XtaHoIbW0o.jpg,The Grand Budapest Hotel,Cars : Quatre roues,La Nuit au musée
8635,Buster Keaton,https://image.tmdb.org/t/p/original/ejJz8YWn1Dr1PFn6E70NZ0oZ6o6.jpg,Boulevard du crépuscule,Le Mécano de la Générale,Sherlock Junior
15009,Justin Theroux,https://image.tmdb.org/t/p/original/vnI9L0rXBAw1HeC0Q8hJGeJMGAW.jpg,Joker,Star Wars : Les Derniers Jedi,American Psycho
19292,Adam Sandler,https://image.tmdb.org/t/p/original/iTMnXrPfC1rmom6a9q4hy6YSJWG.jpg,Hôtel Transylvanie,Pixels,Amour & Amnésie
2974840,Zhang He,https://image.tmdb.org/t/p/original/3jY6ROHfcbFbYfEMEGT5ddeCqhv.jpg,White Snake,New Gods : Nezha Reborn,Monkey King Reborn
2718152,Xuan Xiaoming,https://image.tmdb.org/t/p/original/uWDY5TtOBeSklERV2CkhzXfhU6H.jpg,New Gods : Nezha Reborn,Let the Bullets Fly,长安三万里
13,Albert Brooks,https://image.tmdb.org/t/p/original/8iDSGu5l93N7benjf6b3AysBore.jpg,Le Monde de Nemo,Drive,Taxi Driver
14,Ellen DeGeneres,https://image.tmdb.org/t/p/original/z8IEEid4z63CBlJtxrTKEfsW7NA.jpg,Le Monde de Nemo,Le Monde de Dory,Docteur Dolittle
12,Alexander Gould,https://image.tmdb.org/t/p/original/fe4mUSp0XotA6Ku4Bs69Q9o2lqU.jpg,Le Monde de Nemo,Le Monde de Dory,La Cité des Anges
32,Robin Wright,https://image.tmdb.org/t/p/original/d3rIv0y2p0jMsQ7ViR7O1606NZa.jpg,Forrest Gump,Wonder Woman,Blade Runner 2049
33,Gary Sinise,https://image.tmdb.org/t/p/original/olRjiV8ZhBixQiTvrGwXhpVXxsV.jpg,Forrest Gump,Captain America : Le Soldat de l'hiver,La Ligne verte
2155,Thora Birch,https://image.tmdb.org/t/p/original/m0D1wqgQeVCr7gWY7GVej7lZlwY.jpg,American Beauty,Hocus Pocus : Les Trois Sorcières,Jeux de guerre
40,Orson Welles,https://image.tmdb.org/t/p/original/e9lGmqQq3EsHeUQgQLByo275hcc.jpg,Citizen Kane,Le Troisième Homme,La soif du Mal
11029,Dorothy Comingore,https://image.tmdb.org/t/p/original/x8RBK7T3HgWMWVniWkapAfPULDU.jpg,Citizen Kane,Monsieur Smith au Sénat,Golden Boy
47,Björk,https://image.tmdb.org/t/p/original/Ahc3TWomYakLcbqZRVBDdf3rhMR.jpg,The Northman,Dancer in the Dark,Prêt-à-porter
50,Catherine Deneuve,https://image.tmdb.org/t/p/original/pZ1GpsaK2aBQ8jHQen0h3RB3TNP.jpg,Persepolis,Dancer in the Dark,Le Tout Nouveau Testament
63,Milla Jovovich,https://image.tmdb.org/t/p/original/usWnHCzbADijULREZYSJ0qfM00y.jpg,Le Cinquième Élément,Resident Evil,Zoolander
74,Gustav Fröhlich,https://image.tmdb.org/t/p/original/bkjDaorTT3LcOeTcQF1TDpBlHwt.jpg,Metropolis,Asphalt,Giorgio Moroder's Metropolis
75,Brigitte Helm,https://image.tmdb.org/t/p/original/a7mwxoeF34BCxmteoHQSB1ENth0.jpg,Metropolis,L'Argent,Quand Hitler faisait son cinéma (1933-1945)
73,Alfred Abel,https://image.tmdb.org/t/p/original/dGk5r64zQZVHplTwRDZGpNkoCjc.jpg,Metropolis,Docteur Mabuse le joueur,Le Fantôme
140,Lucy Liu,https://image.tmdb.org/t/p/original/9nbtjqsx3De7hO2XDtrBQ7M9VCH.jpg,Kill Bill : Volume 1,Kill Bill : Volume 2,Kung Fu Panda
2535,Vivica A. Fox,https://image.tmdb.org/t/p/original/oIzevp0dqjIxqRQ2VoSzjiDCBt.jpg,Kill Bill : Volume 1,Kill Bill : Volume 2,Independence Day
93210,Domhnall Gleeson,https://image.tmdb.org/t/p/original/uDbwncuKlqL0fAuucXSvgakJDrc.jpg,Harry Potter et les Reliques de la Mort - 2ème partie,Star Wars : Le Réveil de la Force,Harry Potter et les Reliques de la Mort - 1ère partie
53714,Rachel McAdams,https://image.tmdb.org/t/p/original/2zyOjda95OfAAsJvuwTV0UaznPZ.jpg,Doctor Strange,Sherlock Holmes,N'oublie jamais
2440,Bill Nighy,https://image.tmdb.org/t/p/original/acbigDOU1L1vMWAL3Wf0r8h8qLA.jpg,Harry Potter et les Reliques de la Mort - 1ère partie,Pirates des Caraïbes : Le Secret du coffre maudit,Pirates des Caraïbes : Jusqu'au bout du monde
8349,Martin Sheen,https://image.tmdb.org/t/p/original/m2Y3Q0uyuW6htrn2W9UWCWMkpZu.jpg,The Amazing Spider-Man,Arrête-moi si tu peux,Les Infiltrés
8351,Frederic Forrest,https://image.tmdb.org/t/p/original/gxHgIe9swYgCcxSSCewQTF4J4VO.jpg,Apocalypse Now,Chute libre,Return
1151657,Jing Tian,https://image.tmdb.org/t/p/original/nNlM15XOEJU8A1dKuGEnN7NgxEy.jpg,Kong : Skull Island,La Grande Muraille,Pacific Rim : Uprising
193,Gene Hackman,https://image.tmdb.org/t/p/original/xPmETCv0APDoIK5CvIIJwbTcjPA.jpg,La Famille Tenenbaum,Impitoyable,Fourmiz
198,Dan Castellaneta,https://image.tmdb.org/t/p/original/AmeqWhP4A46AWkM4kVphg6jOTQX.jpg,À la recherche du bonheur,"Les Simpson, le film",Super 8
199,Julie Kavner,https://image.tmdb.org/t/p/original/87kSPYlWcHvqOVEkhdqxysiAf6w.jpg,"Les Simpson, le film",Click : Télécommandez votre vie,Docteur Dolittle
200,Nancy Cartwright,https://image.tmdb.org/t/p/original/40qNhyYJhSE2Yiy4pnXSZhdufO6.jpg,"Les Simpson, le film",La Petite Sirène,Qui veut la peau de Roger Rabbit ?
1650301,Trevante Rhodes,https://image.tmdb.org/t/p/original/mx11nZOnT5nZbuzFi3TPVBQBZr.jpg,Bird Box,Moonlight,The Predator
459980,André Holland,https://image.tmdb.org/t/p/original/riYqFOgYLYH4Hw8p2JYTw5lXGDE.jpg,Moonlight,Meilleures ennemies,Selma
1005852,Janelle Monáe,https://image.tmdb.org/t/p/original/xavjGiGltQEDWqNdbe0zd1lO0UR.jpg,Les Figures de l'ombre,Moonlight,Glass Onion : Une histoire à couteaux tirés
7060,Martin Freeman,https://image.tmdb.org/t/p/original/pLG7mmxBXXTVAgzXvQl0ap3qlJU.jpg,Captain America : Civil War,Black Panther,Le Hobbit : Un voyage inattendu
30315,Richard Armitage,https://image.tmdb.org/t/p/original/oNoKjTOUNUiJ01UNQSCQDkt5EHi.jpg,Captain America : First Avenger,Le Hobbit : Un voyage inattendu,"Star Wars, épisode I - La Menace fantôme"
1248340,Haruka Tomatsu,https://image.tmdb.org/t/p/original/geVvuA2zMGE5xzfc20aDelJSelu.jpg,The Seven Deadly Sins : Prisoners of the Sky,Sword Art Online: Ordinal Scale,Violet Evergarden - le film
1325949,Inori Minase,https://image.tmdb.org/t/p/original/3ZU5e7UFQwgJZtr1XCTpUW34tC3.jpg,Rascal Does Not Dream of a Dreaming Girl,The Quintessential Quintuplets : the Movie,"Jun, la voix du cœur"
1312450,Melanie Zanetti,https://image.tmdb.org/t/p/original/lbUQ7ilvBtWMU23reKsHg3jRmsf.jpg,Love and Monsters,Gabriel's Inferno,Gabriel's Inferno: Part II
544002,Giulio Berruti,https://image.tmdb.org/t/p/original/cCOWVvjQ1TblPvM7TgMBqMczkOX.jpg,Gabriel's Inferno,Hitman & Bodyguard 2,Bienvenue à Monte-Carlo
73659,Kurt McKinney,https://image.tmdb.org/t/p/original/2St61MkwYlrhUyXnMIOMik2XXar.jpg,Gabriel's Inferno,Karaté Tiger,The Last Kumite
263,Emilio Echevarría,https://image.tmdb.org/t/p/original/dd97sd38NhiXlvfrL4ZpLi138Dk.jpg,Babel,Meurs un autre jour,Amours chiennes
258,Gael García Bernal,https://image.tmdb.org/t/p/original/7mq3EQN1oJfYNXkv9xKXKu6Ccw5.jpg,Coco,Old,Babel
259,Vanessa Bauche,https://image.tmdb.org/t/p/original/1WQaHygZ1AsRxDBcPmxL0fSLNri.jpg,Le Masque de Zorro,Amours chiennes,Trois enterrements
17244,Hayden Christensen,https://image.tmdb.org/t/p/original/hqEgJYEUvZvL9ytmmiYBbbt63qd.jpg,"Star Wars, épisode III - La Revanche des Sith","Star Wars, épisode II - L'Attaque des clones",Star Wars : L'Ascension de Skywalker
245,Keir Dullea,https://image.tmdb.org/t/p/original/5QyrGWxujX8XA3Ny3M8D18TWupi.jpg,2001 : L'Odyssée de l'espace,Raisons d'État,2010 : L'Année du premier contact
246,Gary Lockwood,https://image.tmdb.org/t/p/original/1tfGE7RW8GgCLEFFJUXETq9Td1T.jpg,2001 : L'Odyssée de l'espace,La Fièvre dans le sang,L'homme aux colts d'or
247,William Sylvester,https://image.tmdb.org/t/p/original/4NaExzBKqv4GPEfJ2w7S16MYS2y.jpg,2001 : L'Odyssée de l'espace,Le ciel peut attendre,L'Odyssée du Hindenburg
289,Madeleine Stowe,https://image.tmdb.org/t/p/original/k7iQLoCP11e7iVMp1LQimUQLZe8.jpg,L'Armée des 12 singes,Le Dernier des Mohicans,Nous étions soldats
325,Eminem,https://image.tmdb.org/t/p/original/bRrrk9r1cYG6KVnYzjwYGT0g1Qi.jpg,8 Mile,L’Interview qui tue !,Funny People
327,Mekhi Phifer,https://image.tmdb.org/t/p/original/jCvF0bpi9emIWBnu20MCMU0bwrf.jpg,Divergente,Divergente 2 : L'Insurrection,8 Mile
378,Jonathan Pryce,https://image.tmdb.org/t/p/original/zwSv5uXzPTtmitFe39UdqnVwmdL.jpg,Pirates des Caraïbes : La Malédiction du Black Pearl,Pirates des Caraïbes : Le Secret du coffre maudit,Pirates des Caraïbes : Jusqu'au bout du monde
381,Katherine Helmond,https://image.tmdb.org/t/p/original/ewqxAgTyclJLwQi4WWU5QZiCM0Q.jpg,Cars : Quatre roues,Cars 2,Cars 3
