person_id,name,photo_url,film_1,film_2,film_3
60959,Jackie Sandler,https://image.tmdb.org/t/p/original/j9XiOUVtolVM3sWGcLCw6yQSbJV.jpg,Hôtel Transylvanie,Pixels,Amour & Amnésie
1202534,Sadie Sandler,https://image.tmdb.org/t/p/original/a5DWcAnDDf3aZTryiYpY1ehqDyW.jpg,Hôtel Transylvanie,Pixels,Copains pour toujours
115440,Sydney Sweeney,https://image.tmdb.org/t/p/original/uDnIdU4KGjQg7liFvb9wnALvg95.jpg,Once Upon a Time... in Hollywood,Tout sauf toi,Madame Web
974169,Jenna Ortega,https://image.tmdb.org/t/p/original/7oUAtVgZU0uLdUSvDHKkINt1y7Y.jpg,Iron Man 3,Insidious : Chapitre 2,X
1253360,Pedro Pascal,https://image.tmdb.org/t/p/original/9VYK7oxcqhjd5LAH6ZFJ3XzOlID.jpg,Kingsman : Le Cercle d'or,Wonder Woman 1984,Equalizer 2
976,Jason Statham,https://image.tmdb.org/t/p/original/whNwkEQYWLFJA8ij0WyOOAD5xhQ.jpg,Fast & Furious 7,Fast & Furious 6,Fast & Furious 8
1892,Matt Damon,https://image.tmdb.org/t/p/original/4KAxONjmVq7qcItdXo38SYtnpul.jpg,Interstellar,Thor : Ragnarok,Seul sur Mars
111924,Ryan Grantham,https://image.tmdb.org/t/p/original/wlWeQOjIcwColETLJmaaqm7eRuo.jpg,L'Imaginarium du Docteur Parnassus,Journal d'un dégonflé,
64,Gary Oldman,https://image.tmdb.org/t/p/original/2v9FVVBUrrkW2m3QOcYkuhq9A6o.jpg,The Dark Knight : Le Chevalier noir,The Dark Knight Rises,Harry Potter et le Prisonnier d'Azkaban
1836114,Malachi Barton,https://image.tmdb.org/t/p/original/jS5FrcVxxJHB4v7sXu7l4VMQb7x.jpg,Dora et la cité perdue,,
556356,Vanessa Kirby,https://image.tmdb.org/t/p/original/OxYv1AYoUaV7Fw48afwV8wpuaY.jpg,Avant toi,Il était Temps,Mission : Impossible - Fallout
1245,Scarlett Johansson,https://image.tmdb.org/t/p/original/9t4CIXaNPkCB1BRivCVPej1SZGf.jpg,Avengers,Avengers : Infinity War,Avengers : Endgame
55256,Julie Ann Emery,https://image.tmdb.org/t/p/original/A29Nmt41IREXVNMk02cCxN9Ba6i.jpg,Hitch - Expert en séduction,Mary,My Movie Project
224513,Ana de Armas,https://image.tmdb.org/t/p/original/5Qne374OM0ewMM7uSN9eq9jNrWq.jpg,Blade Runner 2049,À couteaux tirés,Mourir peut attendre
500,Tom Cruise,https://image.tmdb.org/t/p/original/3mShHjSQR7NXOVbdTu5rT2Qd0MN.jpg,Edge of Tomorrow,Oblivion,Mission : Impossible - Protocole Fantôme
8783,Eric Bana,https://image.tmdb.org/t/p/original/xIjQVywxkymHbbSO7lD2F9f377W.jpg,Le Monde de Nemo,Troie,Star Trek
11701,Angelina Jolie,https://image.tmdb.org/t/p/original/bXNxIKcJ5cNNW8QFrBPWcfTSu9x.jpg,Maléfique,Kung Fu Panda,Mr. & Mrs. Smith
18897,Jackie Chan,https://image.tmdb.org/t/p/original/nraZoTzwJQPHspAVsKfgl3RXKKa.jpg,Kung Fu Panda,Kung Fu Panda 2,Kung Fu Panda 3
1271681,Sunny Sandler,https://image.tmdb.org/t/p/original/l6Dctozcim2E6k5Bf9uHvxEPBrQ.jpg,Hôtel Transylvanie,Pixels,Copains pour toujours
3896,Liam Neeson,https://image.tmdb.org/t/p/original/sRLev3wJioBgun3ZoeAUFpkLy0D.jpg,The Dark Knight Rises,Batman Begins,La Liste de Schindler
19292,Adam Sandler,https://image.tmdb.org/t/p/original/iTMnXrPfC1rmom6a9q4hy6YSJWG.jpg,Hôtel Transylvanie,Pixels,Amour & Amnésie
219763,Charlotte Spencer,https://image.tmdb.org/t/p/original/tht6qRKFD8aG5FdPHD6GBhV8Rfb.jpg,Dark Shadows,Les Misérables,Cendrillon
18277,Sandra Bullock,https://image.tmdb.org/t/p/original/hPHGKPAWZ8gArYXMk225rrYPoyJ.jpg,Gravity,Les Minions,Bird Box
10990,Emma Watson,https://image.tmdb.org/t/p/original/A14lLCZYDhfYdBa0fFRpwMDiwRN.jpg,Harry Potter à l'école des sorciers,Harry Potter et la Chambre des secrets,Harry Potter et le Prisonnier d'Azkaban
117642,Jason Momoa,https://image.tmdb.org/t/p/original/3troAR6QbSb6nUFMDu61YCCWLKa.jpg,Batman v Superman : L'Aube de la Justice,Aquaman,Dune : Première partie
236453,Anna Seniuk,https://image.tmdb.org/t/p/original/n6Wk3ddgUxDOgA0n1hRWge2KORb.jpg,"Europa, Europa",,
52848,Isla Fisher,https://image.tmdb.org/t/p/original/zNKTzzuyMYaCGEZKhwhqV1K8ffo.jpg,Insaisissables,Gatsby le Magnifique,Nocturnal Animals
3392,Michael Douglas,https://image.tmdb.org/t/p/original/kVYGPIZowzXLEQfAGUNOqKjAbBb.jpg,Avengers : Endgame,Ant-Man,Ant-Man et la Guêpe
12835,Vin Diesel,https://image.tmdb.org/t/p/original/nZdVry7lnUkE24PnXakok9okvL4.jpg,Avengers : Infinity War,Les Gardiens de la Galaxie,Avengers : Endgame
4783,Sam Neill,https://image.tmdb.org/t/p/original/iIfuxalf37xUayuGyK0zG7z6WEZ.jpg,Thor : Ragnarok,Jurassic Park,Thor: Love and Thunder
73968,Henry Cavill,https://image.tmdb.org/t/p/original/kN3A5oLgtKYAxa9lAkpsIGYKYVo.jpg,Batman v Superman : L'Aube de la Justice,Man of Steel,Justice League
2189618,Chung Ye-jin,https://image.tmdb.org/t/p/original/2GJBcw3WhyJFgPJWzAVE9Qs4NKO.jpg,The Witch : 1ère partie. Subversion,The Witch: Part 2. The Other One,
29369,Melanie Griffith,https://image.tmdb.org/t/p/original/mq5VpOSPlNxSHqccXXZiy0LBXgC.jpg,The Disaster Artist,Stuart Little 2,Lolita
3455931,Truman Hanks,https://image.tmdb.org/t/p/original/6ERfNyCNxGWnsTniEM8bfMk8TsL.jpg,Le Pire Voisin au monde,Asteroid City,La Mission
31171,Julie Bowen,https://image.tmdb.org/t/p/original/5ewqnbPAY0EzZObGHIKU4VsCanD.jpg,Comment tuer son boss ?,Terminagolf,Hubie Halloween
109513,Alexandra Daddario,https://image.tmdb.org/t/p/original/lh5zibQXYH1MNqkuX8TmxyNYHhK.jpg,San Andreas,Baywatch : Alerte à Malibu,Percy Jackson : Le Voleur de foudre
1597365,Joseph Quinn,https://image.tmdb.org/t/p/original/zshhuioZaH8S5ZKdMcojzWi1ntl.jpg,Gladiator II,Overlord,Sans un bruit : Jour 1
1428070,Isabela Merced,https://image.tmdb.org/t/p/original/5R1oi4PH7GXWETJS8SbSo673gJt.jpg,Transformers : The Last Knight,Alien : Romulus,Sicario : La Guerre des cartels
2786960,Gabriel Guevara,https://image.tmdb.org/t/p/original/pviRYKEEmoPUfLYwP1VHJ6LQcRg.jpg,À contre-sens,À contre-sens 2,
1190668,Timothée Chalamet,https://image.tmdb.org/t/p/original/BE2sdjpgsa2rNTFa66f7upkaOP.jpg,Interstellar,Dune : Première partie,Call Me by Your Name
564975,John Destry,https://image.tmdb.org/t/p/original/snCZ3bQvf5YZzyGDHLeJk2BbBzf.jpg,Watchmen : Les Gardiens,Terminagolf,Hot Rod
16483,Sylvester Stallone,https://image.tmdb.org/t/p/original/gn3pDWthJqR0VDYGViGD3048og7.jpg,Les Gardiens de la Galaxie Vol. 2,Men in Black,The Suicide Squad
587020,Theo James,https://image.tmdb.org/t/p/original/lSC4cMhcQeCjPFkK6qCjSGDSeR3.jpg,Divergente,Divergente 2 : L'Insurrection,Divergente 3 : Au-delà du mur
1397778,Anya Taylor-Joy,https://image.tmdb.org/t/p/original/qYNofOjlRke2MlJVihmJmEdQI4v.jpg,Split,Super Mario Bros. le film,Glass
1904058,Lee Jun-young,https://image.tmdb.org/t/p/original/zH8kiGox6n3FD82MKEhUq79X6gj.jpg,Badland Hunters,L'Amour en laisse,
49265,Lindsay Lohan,https://image.tmdb.org/t/p/original/mw6Cb1CztwCt1wuxljnFtt8Giqh.jpg,Lolita malgré moi,The Holiday,À nous quatre
31,Tom Hanks,https://image.tmdb.org/t/p/original/oFvZoKI6lvU03n4YoNGAll9rkas.jpg,Forrest Gump,Toy Story,La Ligne verte
1373737,Florence Pugh,https://image.tmdb.org/t/p/original/v06H7af46ClPgPdTA8klaO0DpLi.jpg,Black Widow,Oppenheimer,Le Chat Potté 2 : la dernière quête
287,Brad Pitt,https://image.tmdb.org/t/p/original/cckcYc2v0yh1tc9QjRelptcOBko.jpg,Fight Club,Inglourious Basterds,Seven
1785590,David Corenswet,https://image.tmdb.org/t/p/original/qB0hBMu4wU1nPrqtdUQP3sQeN5t.jpg,Twisters,Pearl,Superman
1461,George Clooney,https://image.tmdb.org/t/p/original/dt0a7DT0SQeHb7NpURD6ifyEzsN.jpg,Gravity,Ocean's Eleven,Ocean's Twelve
4845074,Joo Ye-bin,https://image.tmdb.org/t/p/original/wh5Wnrxs9ay7JUeQJfhCfwwfmPt.jpg,Gonjiam: Haunted Asylum,,
2604515,Emma Myers,https://image.tmdb.org/t/p/original/v1Y8RP39135ZOary9M4MbkrCAdn.jpg,"Minecraft, le film",Girl in the Basement,Family Switch
2939756,Ava Baya,https://image.tmdb.org/t/p/original/8aTqpiRhXzrjpgj9ztNPwf6VN03.jpg,Love Addict,Notre-Dame brûle,
50463,Malin Åkerman,https://image.tmdb.org/t/p/original/q7U0YtgmqNa5oMBMzZ8JBLOKx6A.jpg,Watchmen : Les Gardiens,Rampage : Hors de contrôle,La Proposition
1252061,Çağatay Ulusoy,https://image.tmdb.org/t/p/original/1G3wfYEiKBv1nNAKfx7RYhuOsPW.jpg,Des vies froissées,,
10912,Eva Green,https://image.tmdb.org/t/p/original/xCK90nAZWwElzmWwgvKyEwoCTrI.jpg,Casino Royale,Miss Peregrine et les enfants particuliers,Dark Shadows
118545,Dakota Johnson,https://image.tmdb.org/t/p/original/qFek0KqpaPV5mVyHHNfAapDE9Tj.jpg,The Social Network,Cinquante Nuances de Grey,21 Jump Street
1234363,Helena Yea,https://image.tmdb.org/t/p/original/b67aaAC8B0M1nZmCK2xXVoNwSKb.jpg,Terminagolf,Antitrust,Postal
1813,Anne Hathaway,https://image.tmdb.org/t/p/original/s6tflSD20MGz04ZR2R1lZvhmC4Y.jpg,Interstellar,The Dark Knight Rises,Alice au pays des merveilles
3292,Nicholas Hoult,https://image.tmdb.org/t/p/original/laeAYQVBV9U3DkJ1B4Cn1XhpT8P.jpg,Mad Max : Fury Road,Deadpool 2,X-Men : Days of Future Past
2524,Tom Hardy,https://image.tmdb.org/t/p/original/d81K0RH8UX7tZj49tZaQhZ9ewH.jpg,Inception,The Dark Knight Rises,Mad Max : Fury Road
192,Morgan Freeman,https://image.tmdb.org/t/p/original/jPsLqiYGSofU4s6BjrxnefMfabb.jpg,The Dark Knight : Le Chevalier noir,Les Évadés,The Dark Knight Rises
51797,Nathan Fillion,https://image.tmdb.org/t/p/original/aW6vCxkUZtwb6iH2Wf88Uq0XNVv.jpg,Les Gardiens de la Galaxie,Il faut sauver le soldat Ryan,Monstres Academy
505710,Zendaya,https://image.tmdb.org/t/p/original/3WdOloHpjtjL96uVOhFRRCcYSwq.jpg,Spider-Man : Homecoming,Spider-Man : No Way Home,Spider-Man : Far From Home
6384,Keanu Reeves,https://image.tmdb.org/t/p/original/8RZLOyYGsoRe9p44q3xin9QkMHv.jpg,Matrix,John Wick,John Wick 2
1152083,Sabrina Carpenter,https://image.tmdb.org/t/p/original/nxaluMAWGemjhXbUL3dhl4xof1K.jpg,Horns,The Hate U Give : La Haine qu'on donne,Tall Girl
1356210,Millie Bobby Brown,https://image.tmdb.org/t/p/original/xbcHTGvYAhJSVT9hwAS54055aHc.jpg,Godzilla vs. Kong,Godzilla II : Roi des Monstres,Enola Holmes
18918,Dwayne Johnson,https://image.tmdb.org/t/p/original/5QApZVV8FUFlVxQpIK3Ew6cqotq.jpg,Jumanji : Bienvenue dans la jungle,"Vaiana, la légende du bout du monde",Fast & Furious 7
204,Kate Winslet,https://image.tmdb.org/t/p/original/cPRq7uH3PIFcHilP15BrMKunink.jpg,Titanic,Eternal Sunshine of the Spotless Mind,Divergente
29221,Brittany Snow,https://image.tmdb.org/t/p/original/uSQW2E7caOaXHBbvL2jdzGbwDwH.jpg,The Hit Girls,Pitch Perfect 2,X
3398,Kim Bodnia,https://image.tmdb.org/t/p/original/koWU6vb82cuCDLeYE1erqnQ39cW.jpg,Serena,F1® Le Film,Pusher
6885,Charlize Theron,https://image.tmdb.org/t/p/original/ie1KbeYFG5E0GVr1QP7tDNuXvga.jpg,Mad Max : Fury Road,Prometheus,Fast & Furious 8
71070,Amanda Seyfried,https://image.tmdb.org/t/p/original/gtBUIpZ3dvLpOMIVORxE6sHSyZj.jpg,Time Out,Lolita malgré moi,Ted 2
16607,Alon Aboutboul,https://image.tmdb.org/t/p/original/ja0vix3b43U5whDTYZascbeXlQo.jpg,The Dark Knight Rises,La Chute de Londres,Rambo III
2283,Stanley Tucci,https://image.tmdb.org/t/p/original/q4TanMDI5Rgsvw4SfyNbPBh4URr.jpg,Hunger Games,Captain America : First Avenger,Hunger Games : L'Embrasement
2527414,Nicole Wallace,https://image.tmdb.org/t/p/original/xlvq6OYCN6yQef4fpJQtwVyQxqr.jpg,À contre-sens,À contre-sens 2,
1392137,Margaret Qualley,https://image.tmdb.org/t/p/original/jStNyMj3acpLuH48awLVLqqlyaV.jpg,Once Upon a Time... in Hollywood,The Nice Guys,The Substance
6161,Jennifer Connelly,https://image.tmdb.org/t/p/original/7GzRB9aAJVkWaQ2BuzzlpTwYf56.jpg,Spider-Man : Homecoming,Un homme d'exception,Requiem for a Dream
78080,Krysten Ritter,https://image.tmdb.org/t/p/original/vDr20j128E6Uo1XZLChPoW7FbMG.jpg,"El Camino : Un film ""Breaking Bad""",Big Eyes,27 robes
1837297,Damson Idris,https://image.tmdb.org/t/p/original/4jKOg4jCqNwXyrYd3coqgmCqkMy.jpg,The Passenger,Zone hostile,F1® Le Film
1136406,Tom Holland,https://image.tmdb.org/t/p/original/bBRlrpJm9XkNSg0YT5LCaxqoFMX.jpg,Avengers : Infinity War,Avengers : Endgame,Captain America : Civil War
139,Uma Thurman,https://image.tmdb.org/t/p/original/lg04iEqT6TC40H1jz10Z99OFMXx.jpg,Pulp Fiction,Kill Bill : Volume 1,Kill Bill : Volume 2
4587,Halle Berry,https://image.tmdb.org/t/p/original/9aLI0LSi7cbieyiskOdsBaneKmp.jpg,X-Men : Days of Future Past,X-Men,John Wick : Parabellum
62105,Kerry Condon,https://image.tmdb.org/t/p/original/8RO25vJxQSoNdhsVbiAHOsiGfvl.jpg,Avengers : Infinity War,Avengers : Endgame,Avengers : L'Ère d'Ultron
544440,Zuria Vega,https://image.tmdb.org/t/p/original/oaTw6Qz48KMY7xwAYOAJZ8HFIFb.jpg,¿Y Cómo Es Él?,,
17521,Kelly Reilly,https://image.tmdb.org/t/p/original/gof8bWW9E7MH30GpvA97PwGiIuu.jpg,Sherlock Holmes,Sherlock Holmes : Jeu d'ombres,Orgueil et Préjugés
116,Keira Knightley,https://image.tmdb.org/t/p/original/pxzcVzTyJBKwfuyRLDtax1Jmr7o.jpg,Pirates des Caraïbes : La Malédiction du Black Pearl,Imitation Game,Pirates des Caraïbes : Le Secret du coffre maudit
1225318,Don Gilet,https://image.tmdb.org/t/p/original/9pXhLmYZRLi9HZ1WJ7UmOydZOQu.jpg,The Beekeeper,,
5081,Emily Blunt,https://image.tmdb.org/t/p/original/zpJ7pupuNF3W0zTxm6yioGIoxbd.jpg,Sans un bruit,Edge of Tomorrow,Le Diable s'habille en Prada
125025,Joey King,https://image.tmdb.org/t/p/original/b0diEOPPAxOOInWOP9koaqvqUvi.jpg,The Dark Knight Rises,Conjuring : Les Dossiers Warren,"Crazy, Stupid, Love"
1590797,Sadie Sink,https://image.tmdb.org/t/p/original/vo5x9GRs2vT47LNb1HZvKUEsk8C.jpg,The Whale,"Fear Street, partie 1 : 1994","Fear Street, partie 2 : 1978"
37995,Bo Derek,https://image.tmdb.org/t/p/original/mmCo56529hEkYZ2KV9ilWS8HXRX.jpg,Le courage d'un con,Sharknado 3 : Oh Hell No!,Orca
6736,Pamela Anderson,https://image.tmdb.org/t/p/original/rY2X5J2E8pgWOJi0oa23jc3oqfb.jpg,Baywatch : Alerte à Malibu,Borat : Leçons culturelles sur l'Amérique pour profit glorieuse nation Kazakhstan,Scooby-Doo
26086,Michael Shanks,https://image.tmdb.org/t/p/original/4YkOrSUmfKljqTMwGIo50oviKe1.jpg,Elysium,Le Chaperon rouge,Stargate : Continuum
21045,Maggie Q,https://image.tmdb.org/t/p/original/1Z0A8axunWqZrskGkfANv6W5qCl.jpg,Divergente,Divergente 2 : L'Insurrection,Mission : Impossible 3
524,Natalie Portman,https://image.tmdb.org/t/p/original/edPU5HxncLWa1YkgRPNkSd68ONG.jpg,Avengers : Endgame,Thor,Thor : Le Monde des ténèbres
15111,Jean-Claude Van Damme,https://image.tmdb.org/t/p/original/7DP3bm3MS0qa0L8tBLHGebbCu6H.jpg,Kung Fu Panda 2,Expendables 2 : Unité spéciale,Kung Fu Panda 3
56731,Jessica Alba,https://image.tmdb.org/t/p/original/4Ltk0ghRffjLjmilkttFoJJboVQ.jpg,Les 4 Fantastiques,Sin City,Les 4 fantastiques et le Surfer d'argent
1253391,Ji Chang-wook,https://image.tmdb.org/t/p/original/afgwHQJ3BP6ygM2ZUUZO60U84q0.jpg,Fabricated City,,
28782,Monica Bellucci,https://image.tmdb.org/t/p/original/euhMjVgdEGFm4AzjvB1b2oSMlLU.jpg,Matrix Reloaded,Spectre,Matrix Revolutions
37625,Andrew Garfield,https://image.tmdb.org/t/p/original/5ydZ6TluPtxlz5G8nlWMB7SGmow.jpg,Spider-Man : No Way Home,The Amazing Spider-Man,Tu ne tueras point
1642789,Madelyn Cline,https://image.tmdb.org/t/p/original/qUUfTmpZPhy4zIs8oVk7OINLQqu.jpg,Glass Onion : Une histoire à couteaux tirés,Boy Erased,
1019,Mads Mikkelsen,https://image.tmdb.org/t/p/original/ntwPvV4GKGGHO3I7LcHMwhXfsw9.jpg,Doctor Strange,Rogue One : A Star Wars Story,Casino Royale
1234713,Melissa O'Neil,https://image.tmdb.org/t/p/original/jDR0MFSeoFeqLZ4YkbN8kZj75Fu.jpg,L'Ombre d'Emily,,
26723,Katheryn Winnick,https://image.tmdb.org/t/p/original/vQSqH3ybDWZHZIqX4NZKhOCXAhQ.jpg,Amour & Amnésie,Love & autres drogues,La Tour sombre
13240,Mark Wahlberg,https://image.tmdb.org/t/p/original/bTEFpaWd7A6AZVWOqKKBWzKEUe8.jpg,Les Infiltrés,Ted,Transformers : L’Âge de l’extinction
53,Peter Stormare,https://image.tmdb.org/t/p/original/1rtpuUqBV29jDc1huUhtjGDbEwn.jpg,John Wick 2,The Big Lebowski,Minority Report
47296,Jeffrey Dean Morgan,https://image.tmdb.org/t/p/original/m8bdrmh6ExDCGQ64E83mHg002YV.jpg,Batman v Superman : L'Aube de la Justice,Watchmen : Les Gardiens,Rampage : Hors de contrôle
3972,Wentworth Miller,https://image.tmdb.org/t/p/original/js09M98qo6rEyyIlTbRMI6XiZJH.jpg,Underworld,Resident Evil : Afterlife,Vertiges
16940,Jeremy Irons,https://image.tmdb.org/t/p/original/w8Ct1q02Ht3sWdOSqfp3B85TzT.jpg,Le Roi lion,Batman v Superman : L'Aube de la Justice,Justice League
76225,David Reivers,https://image.tmdb.org/t/p/original/3QJQfLKKrEw9F9E5CR6NwQSWLqA.jpg,High School Musical 3 : Nos années lycée,Poséidon,Cercle
18050,Elle Fanning,https://image.tmdb.org/t/p/original/e8CUyxQSE99y5IOfzSLtHC0B0Ch.jpg,Maléfique,L'Étrange Histoire de Benjamin Button,Super 8
49624,Jensen Ackles,https://image.tmdb.org/t/p/original/vFegIjLLQGwPn6af4SE9LAbnGNE.jpg,Batman et Red Hood : Sous le masque rouge,Meurtres à la St-Valentin,Batman : The Long Halloween 1ère Partie
1181354,Ilfenesh Hadera,https://image.tmdb.org/t/p/original/esa2Y2tE3TsoGZtN449IsGK3ZeG.jpg,Baywatch : Alerte à Malibu,Oldboy,Werewolves
568141,Karina Verlier,https://image.tmdb.org/t/p/original/ti1MELiyER3sKF248SHpEupNghT.jpg,La Cité des femmes,,
19498,Jon Bernthal,https://image.tmdb.org/t/p/original/o0t6EVkJOrFAjESDilZUlf46IbQ.jpg,Le Loup de Wall Street,Baby Driver,Fury
1388593,Jodie Comer,https://image.tmdb.org/t/p/original/iOP2tHyxtPiUzIBHzxxehBy9Khu.jpg,Star Wars : L'Ascension de Skywalker,Free Guy,Le Dernier Duel
5235257,Kim Sun-young,https://image.tmdb.org/t/p/original/kdS3LYZ30fx4NL7coPJ3WUUAlLx.jpg,The Chaser,"Le Bon, la Brute et le Cinglé",
17276,Gerard Butler,https://image.tmdb.org/t/p/original/rTO5opVC3Gs6hPYAxWSP9eEjogi.jpg,300,Dragons,Dragons 2
25837,Elisha Cuthbert,https://image.tmdb.org/t/p/original/lsNwsJjGZqgjVUI1mhtcDCuwES3.jpg,Love Actually,Girl Next Door,La maison de cire
25002,Lee Byung-hun,https://image.tmdb.org/t/p/original/pY4pwYO8qwtzvuzpzRczDACDiVA.jpg,Terminator Genisys,Les Sept Mercenaires,G.I. Joe : Conspiration
230659,Takeru Satoh,https://image.tmdb.org/t/p/original/dKWtZXEnTOedUUnDwBCZZN7w2uG.jpg,Kenshin : le vagabond,Belle,Kenshin : Kyoto Inferno
1172108,Mckenna Grace,https://image.tmdb.org/t/p/original/1bOvCILCRZDohuNKKOBqADRNNn9.jpg,Captain Marvel,Ready Player One,Independence Day : Resurgence
1425934,Nicholas Galitzine,https://image.tmdb.org/t/p/original/hG4rH7eBMs117746bBOd8fUa4PA.jpg,Nos cœurs meurtris,L'Idée d'être avec toi,Cendrillon
1421393,Mitchell Hope,https://image.tmdb.org/t/p/original/oENPvMMblZYzEd4tGJ6VGaxsg6q.jpg,Descendants,Descendants 2,Descendants 3
83708,Nora Kirkpatrick,https://image.tmdb.org/t/p/original/5bvP09h26AxkKRWeCVAHtvB5xfq.jpg,Sandy Wexler,,
2888,Will Smith,https://image.tmdb.org/t/p/original/8TlKqbXYgHmmaEoPBJ7djJ8Rxxa.jpg,Suicide Squad,Je suis une légende,Men in Black
18973,Mila Kunis,https://image.tmdb.org/t/p/original/cJAHQWX9hVadDFx5WTSBIW0VjvP.jpg,Black Swan,Ted,Sexe entre amis
8654,Matthew Modine,https://image.tmdb.org/t/p/original/z974QEHL12qUvLyk6hlWGAmDgom.jpg,The Dark Knight Rises,Full Metal Jacket,Oppenheimer
17838,Rami Malek,https://image.tmdb.org/t/p/original/ewr46CGOdsx5NzAJdIzEBz2yIQh.jpg,Bohemian Rhapsody,Oppenheimer,La Nuit au musée
212225,Kim Kardashian,https://image.tmdb.org/t/p/original/3TLSq0aHXyxtqaXe9p7yB5Daqsa.jpg,Ocean's 8,La Pat' Patrouille : Le Film,Disaster Movie
4443,Christopher McDonald,https://image.tmdb.org/t/p/original/gK1XhbfD9Xd8s3VXRPpgDCluyZp.jpg,Requiem for a Dream,Le Géant de fer,Thelma & Louise
206,Jim Carrey,https://image.tmdb.org/t/p/original/u0AqTz6Y7GHPCHINS01P7gPvDSb.jpg,The Truman Show,Eternal Sunshine of the Spotless Mind,Bruce tout-puissant
135651,Michael B. Jordan,https://image.tmdb.org/t/p/original/515xNvaMC6xOEOlo0sFqW69ZqUH.jpg,Black Panther,Creed : L'héritage de Rocky Balboa,Black Panther : Wakanda Forever
105282,Stig R. Amdam,https://image.tmdb.org/t/p/original/poJH7EEUfBi7uEGOcE5flOpSPWG.jpg,The Quake,Battle,
34735,Loni Anderson,https://image.tmdb.org/t/p/original/wMtTIsVcYGz5oRyRp4Ut713WQvC.jpg,"Charlie, mon héros",Une Nuit au Roxbury,
1292489,Kimberley Drummond,https://image.tmdb.org/t/p/original/1wE1KFtRMqX8S3oRAo163h1r8TD.jpg,Django Unchained,Hunger Games : L'Embrasement,We Need to Talk About Kevin
2129566,Matthew Noszka,https://image.tmdb.org/t/p/original/1kALpbgg7wmeeVBZ2THHTQCnU4l.jpg,Le Challenge,Flocons d'amour,Perfect Addiction
2340185,Barbie Ferreira,https://image.tmdb.org/t/p/original/kl59GoAbazPffmmZtSLZmUQCK6S.jpg,Nope,Unpregnant,
933238,Rebecca Ferguson,https://image.tmdb.org/t/p/original/lJloTOheuQSirSLXNA3JHsrMNfH.jpg,Dune : Première partie,The Greatest Showman,Mission : Impossible - Rogue Nation
211599,Charles Henry Wyson,https://image.tmdb.org/t/p/original/xYorOCYte7AwndbdBDn8ONlJoua.jpg,L'Étrange Histoire de Benjamin Button,Une leçon de Vie,
13359,Tully Marshall,https://image.tmdb.org/t/p/original/4bBj7eZ2A8LjO1HZnHipjPhLu5Z.jpg,Scarface,Intolérance,Grand Hotel
1914958,Milo Manheim,https://image.tmdb.org/t/p/original/yMs7mIQIyGSHXwFUJvbt3QmFF4.jpg,Thanksgiving : La Semaine de l'horreur,Z-O-M-B-I-E-S,Z-O-M-B-I-E-S 2
2037,Cillian Murphy,https://image.tmdb.org/t/p/original/llkbyWKwpfowZ6C8peBjIV9jj99.jpg,Inception,The Dark Knight : Le Chevalier noir,The Dark Knight Rises
2203,Neal McDonough,https://image.tmdb.org/t/p/original/3mI3i1CpjATSCta1Tb2qsyl1KCh.jpg,Captain America : First Avenger,"Sonic, le film",Minority Report
1205,Richard Gere,https://image.tmdb.org/t/p/original/dVlutWZ75StO0KWGj26sLXe0bjH.jpg,Pretty Woman,Hatchi,Peur primale
2064124,Nico Parker,https://image.tmdb.org/t/p/original/gt0NJClVSCPCEfcPgcLj3f85uLa.jpg,Dumbo,Reminiscence,Dragons
3223,Robert Downey Jr.,https://image.tmdb.org/t/p/original/5qHNjhtjMD4YWH3UP0rm4tKwxCL.jpg,Avengers,Avengers : Infinity War,Iron Man
1622773,Briar Nolet,https://image.tmdb.org/t/p/original/kxwz8ruXwCNsHtvKXOH0Fi2L93X.jpg,Flocons d'amour,,
2234011,Soma Santoki,https://image.tmdb.org/t/p/original/g4I9g3IRcbxqTqDuOtgG9QicvfB.jpg,Le Garçon et le héron,,
14406,Lisa Kudrow,https://image.tmdb.org/t/p/original/ziatnwJRiBJIcc8jlk6xoClhfOy.jpg,Baby Boss,Easy Girl,Nos Pires Voisins
1003,Jean Reno,https://image.tmdb.org/t/p/original/mw0EZJYz3kiFq9fNxsML773gotF.jpg,Léon,Da Vinci Code,Mission : Impossible
2963,Nicolas Cage,https://image.tmdb.org/t/p/original/y1RtezurZYveYkVNRht7CwEgSYY.jpg,Spider-Man : New Generation,Kick-Ass,Les Croods
70492,Peggy Dow,https://image.tmdb.org/t/p/original/4mnt1L1eAEhmcEkjysvzn8y27PT.jpg,Harvey,,
107874,Joanna Brodzik,https://image.tmdb.org/t/p/original/B7JFNHl3lZejUXYTlXHKDjiekF.jpg,Le Pianiste,,
380,Robert De Niro,https://image.tmdb.org/t/p/original/cT8htcckIuyI1Lqwt1CvD02ynTh.jpg,Joker,Les Affranchis,"Le Parrain, 2e partie"
9640,Haley Joel Osment,https://image.tmdb.org/t/p/original/2rnMTQB9Q3vLtmRyyUaenVwSgfY.jpg,Forrest Gump,Sixième Sens,A.I. Intelligence artificielle
57012,Fares Fares,https://image.tmdb.org/t/p/original/oo0txKNroLOhjodyNvYuXY7Og6Y.jpg,Rogue One : A Star Wars Story,Zero Dark Thirty,Sécurité Rapprochée
11794,Frances Bay,https://image.tmdb.org/t/p/original/1mtcINBBbvb7E4ySgOr86u34XLJ.jpg,Karaté Kid,Blue Velvet,Terminagolf
4174,Claire Forlani,https://image.tmdb.org/t/p/original/4xy9tARkNN3nAnDhHvMSeEt18mz.jpg,À deux mètres de toi,Rencontre avec Joe Black,Rock
2231,Samuel L. Jackson,https://image.tmdb.org/t/p/original/AiAYAqwpM5xmiFrAIeQvUXDCVvo.jpg,Avengers,Avengers : Infinity War,Pulp Fiction
555159,Réal Andrews,https://image.tmdb.org/t/p/original/mdUSuBL7wJycwpGtQXoZ2akOByk.jpg,Né un 4 juillet,,
74409,Eric Winter,https://image.tmdb.org/t/p/original/5fnokeM7Bi562ubR6wZnmyNTzqg.jpg,L'Abominable Vérité,Harold et Kumar s'évadent de Guantanamo,Fire with Fire : Vengeance par le feu
130640,Hailee Steinfeld,https://image.tmdb.org/t/p/original/ev7Vs8XdjehzAxlHIw4YB6FDTsM.jpg,Spider-Man : New Generation,Spider-Man : Across the Spider-Verse,Bumblebee
34486,Ashley Johnson,https://image.tmdb.org/t/p/original/8s36QwB7Zq3PrbY1W6a6ctTFFoe.jpg,Avengers,La Couleur des sentiments,Ce que veulent les femmes
1436709,Paula Malia,https://image.tmdb.org/t/p/original/qrjTDPGKgo159VsgCHnfk0cdSHq.jpg,Fou de toi,,
205136,Brad Lee Wind,https://image.tmdb.org/t/p/original/pu2XAZqHSkTIq1JfyRi7ixMaz4j.jpg,American Gangster,Le Book Club,
117437,Patrick St. Esprit,https://image.tmdb.org/t/p/original/1yrW51oGJEElYqG3BzX0N1Ky7Rd.jpg,Hunger Games : L'Embrasement,Fast & Furious 8,Super 8
105646,Linda Park,https://image.tmdb.org/t/p/original/9yUfbbcea278H5j5KC0e54m1kLE.jpg,Jurassic Park III,,
1394686,Malina Weissman,https://image.tmdb.org/t/p/original/p1GwspLybjeYVK2rwwe1aqVzrg0.jpg,Ninja Turtles,Ma Vie de Chat,
105002,Rick Peters,https://image.tmdb.org/t/p/original/A8uebBEdc7jyVmruFdJ7CVUam4K.jpg,Holidays,,
1649460,Polly Allen,https://image.tmdb.org/t/p/original/gyUFk8KSiUXokumbzV5i0xSiKeb.jpg,The Nest,,
16828,Chris Evans,https://image.tmdb.org/t/p/original/3bOGNsHlrswhyW79uvIHH1V43JI.jpg,Avengers,Avengers : Infinity War,Avengers : Endgame
1927025,Ricky He,https://image.tmdb.org/t/p/original/bgv6sEvZjnrzTm72IL993GrgCT8.jpg,Petit guide de la chasseuse de monstres,,
5469,Ralph Fiennes,https://image.tmdb.org/t/p/original/u29BOqiV5GCQ8k8WUJM50i9xlBf.jpg,Harry Potter et la Coupe de feu,Harry Potter et les Reliques de la Mort - 2ème partie,Harry Potter et l'Ordre du Phénix
119592,Aubrey Plaza,https://image.tmdb.org/t/p/original/780BVfLoEv5jY4kuLH5vHEZj3oz.jpg,Monstres Academy,Scott Pilgrim,Dirty Papy
989325,Ella Purnell,https://image.tmdb.org/t/p/original/5PscK9HNXGFQMIxkpbR8ObB7vuR.jpg,Maléfique,Miss Peregrine et les enfants particuliers,Tarzan
40259,Malcolm-Jamal Warner,https://image.tmdb.org/t/p/original/2RcJUoeYvnRFkIIYklVUyIxu92Z.jpg,L'Amour de l'or,Drop Zone,
72129,Jennifer Lawrence,https://image.tmdb.org/t/p/original/k6CsASaySnS3ag0Y2Ns2vqPahVn.jpg,Hunger Games,Hunger Games : L'Embrasement,Hunger Games : La Révolte - Partie 1
20652,Cecilia Cheung,https://image.tmdb.org/t/p/original/xghVxRPUmFCHYxzD0NxMO8NtoKK.jpg,Shaolin Soccer,,
587634,Park Bo-gum,https://image.tmdb.org/t/p/original/lITY3WsJOFjlHkP1bJ3PwYhuNnD.jpg,Hard Day,L'Amiral,
131,Jake Gyllenhaal,https://image.tmdb.org/t/p/original/rJdYHYNhlcOBwbPvDZVvt1xw7bi.jpg,Spider-Man : Far From Home,Donnie Darko,Prisoners
1442069,Finn Wolfhard,https://image.tmdb.org/t/p/original/5OVmquAk0W5BIsRlVKslEP497JD.jpg,Ça,Ça : Chapitre 2,S.O.S. Fantômes : L'Héritage
2827430,Tyler Blevins,https://image.tmdb.org/t/p/original/qT696UyQQtm6kU6t824R4HufWUG.jpg,Free Guy,Hôtel Transylvanie : Changements monstres,
1366500,Cam Cronin,https://image.tmdb.org/t/p/original/hLaZ4RyZfKO2JpixB16U6hWQeq8.jpg,Destination finale 2,,
15973,Julie Newmar,https://image.tmdb.org/t/p/original/1VJkHq8I1gfh3wBcUZMBSs0anu8.jpg,Les Hommes préfèrent les blondes,Extravagances,Les sept femmes de Barbe-Rousse
62747,Chad Michael Murray,https://image.tmdb.org/t/p/original/jIkzUQUVLkgn3HFMFRJBDAD0OLj.jpg,Freaky Friday : Dans la peau de ma mère,Comme Cendrillon,La maison de cire
234352,Margot Robbie,https://image.tmdb.org/t/p/original/euDPyqLnuwaWMHajcU3oZ9uZezR.jpg,Le Loup de Wall Street,Suicide Squad,Once Upon a Time... in Hollywood
2803710,Mason Thames,https://image.tmdb.org/t/p/original/8xgGYl8AMWVB44r8wEyweiao5bO.jpg,Black Phone,Dragons,Les Nouveaux
55638,Kevin Hart,https://image.tmdb.org/t/p/original/byiNydUlM6oP8diA7WMvYbNM7a1.jpg,Jumanji : Bienvenue dans la jungle,Jumanji : Next Level,Comme des bêtes
3897,Katie Holmes,https://image.tmdb.org/t/p/original/1o9j7xajyWILCubtElbfovu43DT.jpg,Batman Begins,Ocean's 8,The Giver - Le Passeur
229672,Lee Ingleby,https://image.tmdb.org/t/p/original/vgLBNxTIC9DjfIJZVS83bbyzQOU.jpg,Harry Potter et le Prisonnier d'Azkaban,Master and Commander : De l'autre côté du monde,Grindhouse
1042728,Úrsula Corberó,https://image.tmdb.org/t/p/original/cmH8Z459tw9YkR61QfxlCSlZw9P.jpg,Snake Eyes,En plein vol,La casa de papel : Le phénomène
2034418,Jacob Elordi,https://image.tmdb.org/t/p/original/lC9pK3ADyPpH4dRo2BKZBaTZPfu.jpg,The Kissing Booth,The Kissing Booth 2,Saltburn
3031442,Christopher Briney,https://image.tmdb.org/t/p/original/guB5wirvkOlc7PuZfpnr8ncbDMr.jpg,Mean Girls : Lolita malgré moi,,
1668004,Bella Ramsey,https://image.tmdb.org/t/p/original/wx78DnBixam4eXlwVVZs16fWP98.jpg,Judy,Holmes & Watson,Chicken Run : La menace nuggets
11702,Adam Brody,https://image.tmdb.org/t/p/original/qKBWrohBYegm6AAaLrtxEqqouIK.jpg,Mr. & Mrs. Smith,Shazam!,Le Cercle : The Ring
1296713,Yim Si-wan,https://image.tmdb.org/t/p/original/8XbMzvYE3KUNDW1jEHSCjM9t89n.jpg,Squid Game : Le making-of de la saison 2,Défense d'atterrir,Unlocked
1237738,Shawn Stewart,https://image.tmdb.org/t/p/original/c4EwGoQKt3nXnICMEDhdvOdjOWf.jpg,Shazam!,"Sonic 2, le film",Skyscraper
6193,Leonardo DiCaprio,https://image.tmdb.org/t/p/original/wo2hJpn04vbtmh0B9utCFdsQhxM.jpg,Inception,Django Unchained,Titanic
569,Ethan Hawke,https://image.tmdb.org/t/p/original/2LoTr6x0TEM7L5em4kSx1VmGDgG.jpg,Le Cercle des poètes disparus,American Nightmare,Valérian et la cité des mille planètes
80204,Amy Linker,https://image.tmdb.org/t/p/original/cQarREEBdju2rr0UEM8f4IAo8NW.jpg,D.A.R.Y.L.,,
8167,Paul Walker,https://image.tmdb.org/t/p/original/q2PLqKHYCs35HR7QybaNPH3JT96.jpg,Fast & Furious 7,Fast & Furious 6,Fast and Furious
1523242,Bobby Schofield,https://image.tmdb.org/t/p/original/3DY3MQGMcX9LjMcy9Ei4uxiBGTy.jpg,The Covenant,Don't Breathe 2,Cherry
90633,Gal Gadot,https://image.tmdb.org/t/p/original/qCJB1ACi5VjtY4ypXuv3hjAvbSu.jpg,Wonder Woman,Batman v Superman : L'Aube de la Justice,Justice League
2349355,Michele Morrone,https://image.tmdb.org/t/p/original/saKjzGAuw8Fiutlv9LweLjAti0Z.jpg,365 jours,365 jours : Au lendemain,365 jours : L'Année d'après
1223059,Jaime Murray,https://image.tmdb.org/t/p/original/viqfbECKPLI8nRO6sya8YFu8yc2.jpg,Fright Night 2,Les Faucheurs,
169469,Jesse Hutch,https://image.tmdb.org/t/p/original/3tQsDlnoEVT73mV7OFs0D9EYn5f.jpg,L'Effet papillon,Freddy contre Jason,Coffee & Kareem
85545,Gary Hetherington,https://image.tmdb.org/t/p/original/nYXYnXGAGrwuFZKVOVZhSdatmmK.jpg,Rambo,À tous les garçons : P.S. Je t'aime toujours,Étroite surveillance
1375144,Lena Banks,https://image.tmdb.org/t/p/original/aM4r0uAUo1JodhJQGW6BIxQOaDG.jpg,Last Action Hero,Ed Wood,Dans la ligne de mire
115606,Cyril Chamberlain,https://image.tmdb.org/t/p/original/gskpK1VUbASBnRUI6rMvHJji6is.jpg,Le Grand Alibi,"Atlantique, latitude 41°",De l'or en barres
7399,Ben Stiller,https://image.tmdb.org/t/p/original/scgpxhI05JpdNXXfmpK6z0rPOWN.jpg,Madagascar,La Nuit au musée,La Vie rêvée de Walter Mitty
1817,Linda Cardellini,https://image.tmdb.org/t/p/original/bcycvynDprC1rrhBNrnBjn5uOUd.jpg,Avengers : Endgame,Avengers : L'Ère d'Ultron,Green Book : Sur les routes du Sud
2046128,Milly Alcock,https://image.tmdb.org/t/p/original/xYpXcZ2aBclWweLSyxmXaFMUrn8.jpg,Superman,,
90451,Tom Sturridge,https://image.tmdb.org/t/p/original/2EIUT2junjmFYRm70E4pAAUKnMc.jpg,Good Morning England,Velvet Buzzsaw,Loin de la foule déchaînée
8854,Bill Cobbs,https://image.tmdb.org/t/p/original/xRBrI4rPkZuMBMDh8GPke20ZgUv.jpg,La Nuit au musée,Le Monde fantastique d’Oz,La Nuit au musée : Le Secret des pharaons
3967,Kate Beckinsale,https://image.tmdb.org/t/p/original/nUZuC2chd5PVw2tLxePZ6uaLbhx.jpg,Click : Télécommandez votre vie,Pearl Harbor,Underworld
17419,Bryan Cranston,https://image.tmdb.org/t/p/original/aGSvZg7uITJveQtGHDcPNI6map1.jpg,Il faut sauver le soldat Ryan,Drive,Godzilla
4724,Kevin Bacon,https://image.tmdb.org/t/p/original/rjX2Oz3tCZMfSwOoIAyEhdtXnTE.jpg,X-Men : Le Commencement,"Crazy, Stupid, Love",Mystic River
1223786,Emilia Clarke,https://image.tmdb.org/t/p/original/58ZhsLDVFgxx6fePJQ2K8RVpc1s.jpg,Avant toi,Solo: A Star Wars Story,Terminator Genisys
38673,Channing Tatum,https://image.tmdb.org/t/p/original/4TpgnS6l8YUXSne9Av9nda6mjxY.jpg,Les Huit Salopards,Kingsman : Le Cercle d'or,21 Jump Street
993774,Rachel Brosnahan,https://image.tmdb.org/t/p/original/1f9NK43gWrXN2uMmYMlennB7jCC.jpg,Sublimes Créatures,Les Incognitos,Traque à Boston
1277557,Billy Mahan,https://image.tmdb.org/t/p/original/eLUQMHDBTxgYFZNqRieyazZJlz2.jpg,À l'est d'Éden,,
2850902,Joe Anders,https://image.tmdb.org/t/p/original/mK2V5mvQolWhoukSVLXB8TCQWX6.jpg,1917,Lee Miller,
548663,Kym Malin,https://image.tmdb.org/t/p/original/t0ONLUlmn4TzfFC8heZiz7dG73M.jpg,Piège de cristal,Une créature de rêve,Road House
64295,Alan Ritchson,https://image.tmdb.org/t/p/original/92YNEEpCyugkTzPprJwZpvVtvuK.jpg,Hunger Games : L'Embrasement,Ninja Turtles,Fast & Furious X
1371297,Adria Arjona,https://image.tmdb.org/t/p/original/5ODbfZboGeO36Q5GMYqTmiDy0kM.jpg,Pacific Rim : Uprising,6 Underground,Morbius
13333,Vanessa Redgrave,https://image.tmdb.org/t/p/original/d40DWvfq40LZlJZESk3wWGYU5oa.jpg,Mission : Impossible,Cars 2,Reviens-moi
1284159,Simon Baker,https://image.tmdb.org/t/p/original/8RPbdwSOJ3DEQDQaj05zBFaUu5f.jpg,Le Diable s'habille en Prada,L.A. Confidential,Le Cercle : The Ring 2
60898,Sebastian Stan,https://image.tmdb.org/t/p/original/nKZgixTbHFXpkzzIpMFdLX98GYh.jpg,Avengers : Infinity War,Avengers : Endgame,Captain America : Civil War
14329,Dean Norris,https://image.tmdb.org/t/p/original/cchkQH3DRrvwFYocx7TxyfIDAAr.jpg,Terminator 2 : Le Jugement dernier,Little Miss Sunshine,Bienvenue à Gattaca
11150,Gina Gershon,https://image.tmdb.org/t/p/original/jgry61wtl058ft9O1Rigp3qADyf.jpg,Volte/Face,P.S. I Love You,LOL USA
52889,Johnny Vegas,https://image.tmdb.org/t/p/original/8OSpG0BrJGtIWXpIlYMryVve2iK.jpg,Grimsby : Agent trop spécial,Cro Man,Tulip Fever
15735,Helen Mirren,https://image.tmdb.org/t/p/original/1reKRrsdsHXJaRVHVyOEg4oPTcZ.jpg,Monstres Academy,Fast & Furious 8,Barbie
2564672,Hamza Zaidi,https://image.tmdb.org/t/p/original/3a7dXAZL856eYu62eX4Dy7PdX9T.jpg,Le Book club mortel,,
6726,Sheryl Lee,https://image.tmdb.org/t/p/original/7llsjKMExjQylGgmqKCpiSSapUG.jpg,Café Society,Twin Peaks: Fire Walk with Me,Winter's Bone
1526594,Lorenzo Zurzolo,https://image.tmdb.org/t/p/original/2UbxY8M2YKIblBcNQcmM7Pd6L68.jpg,Sous le soleil de Riccione,EO,Com'è bello far l'amore
41229,Meg Foster,https://image.tmdb.org/t/p/original/6T6GeL0hNcsI5xtf4I5QMJv6xB7.jpg,Invasion Los Angeles,Overlord,Les Maîtres de l'Univers
21042,Ebon Moss-Bachrach,https://image.tmdb.org/t/p/original/xD8GVNayMpiTZxLfahy2DseYcQq.jpg,La Famille Tenenbaum,Le Challenge,Entre deux rives
4886,Norman Reedus,https://image.tmdb.org/t/p/original/ozHPdO5jAt7ozzdZUgyRAMNPSDW.jpg,American Gangster,Blade II,Vive les Vacances
31070,Ryan O'Neal,https://image.tmdb.org/t/p/original/qqzLcwme60ENV8PEcdWkS2zctMx.jpg,Barry Lyndon,Un pont trop loin,La Barbe à papa
1729378,Demet Özdemir,https://image.tmdb.org/t/p/original/nmy5ksmwyrdCLRaXb9DYA0pDEbh.jpg,Les Tactiques de l'amour,,
2511949,Anna-Maria Sieklucka,https://image.tmdb.org/t/p/original/c5Rhg0pewnANvLfx2fDXKTLawTb.jpg,365 jours,365 jours : Au lendemain,365 jours : L'Année d'après
1640439,Mikey Madison,https://image.tmdb.org/t/p/original/b0HZr4Xa4pIR7MzTPXfIWvUZELx.jpg,Once Upon a Time... in Hollywood,Scream,Anora
8238,Brenda De Banzie,https://image.tmdb.org/t/p/original/zG113jpcgT1z7R0n6b0bt9BQpLG.jpg,L'Homme qui en savait trop,La Panthère rose,
25072,Oscar Isaac,https://image.tmdb.org/t/p/original/dW5U5yrIIPmMjRThR9KT2xH6nTz.jpg,Star Wars : Le Réveil de la Force,Spider-Man : New Generation,Star Wars : Les Derniers Jedi
86654,Austin Butler,https://image.tmdb.org/t/p/original/atdAs4pFGjUQ4m2W8kJYly7N6cC.jpg,Once Upon a Time... in Hollywood,Dune : Deuxième partie,Elvis
115150,Kaya Scodelario,https://image.tmdb.org/t/p/original/uVp7VarM5GX08hfCEGt63OM5c5c.jpg,Le Labyrinthe,Pirates des Caraïbes : La Vengeance de Salazar,Le Labyrinthe : La Terre brûlée
27428,Aaron Taylor-Johnson,https://image.tmdb.org/t/p/original/pFtHhih2XEaFaD3qOFyQW6q83br.jpg,Avengers : L'Ère d'Ultron,Captain America : Le Soldat de l'hiver,Kick-Ass
1420353,Aiden Longworth,https://image.tmdb.org/t/p/original/Fu7aJUFe9mqg8qNFLB0RYRrPpO.jpg,Hector et la recherche du bonheur,La 9ème Vie de Louis Drax,Hell Town
245395,Brenda Forbes,https://image.tmdb.org/t/p/original/nCcqw7wdQGG0vMQ7FCCVrneJTOq.jpg,Madame Miniver,,
3247402,Clara Galle,https://image.tmdb.org/t/p/original/ipZQNX8KECqeCHoD4dmbb883lzP.jpg,À travers ma fenêtre,À travers ma fenêtre : L'amour pour horizon,À travers ma fenêtre 3 : Les yeux dans les yeux
17303,Ali Larter,https://image.tmdb.org/t/p/original/2HOlaSd30yBCrr366GfPG2PF6D8.jpg,Destination finale,Destination finale 2,Resident Evil : Extinction
1331457,Sofia Carson,https://image.tmdb.org/t/p/original/aQudxuIAd2UEGQD1YWsdrHH11Kc.jpg,Nos cœurs meurtris,Descendants,Carry-On
202032,Ralph Ineson,https://image.tmdb.org/t/p/original/sn3ONJw2pJxMHiCqPwvkaiWr5mc.jpg,Les Gardiens de la Galaxie,Harry Potter et les Reliques de la Mort - 2ème partie,Harry Potter et le Prince de sang-mêlé
41901,Roselyn Sánchez,https://image.tmdb.org/t/p/original/t1xPA67A2VoQwjEC43hmOzEKNP3.jpg,Rush Hour 2,Maxi Papa,Act of valor: Les soldats de l'ombre
6972,Ian McShane,https://image.tmdb.org/t/p/original/qh9RTLbnr128TZLdGuXwUH9mdBM.jpg,John Wick,Pirates des Caraïbes : La Fontaine de jouvence,John Wick 2
1767250,Ariana Greenblatt,https://image.tmdb.org/t/p/original/bg9ysIhsdygPpVx2rnKDtzylfRv.jpg,Avengers : Infinity War,Barbie,Love and Monsters
71084,Paul Higgins,https://image.tmdb.org/t/p/original/3vtvypxL6uoROZZ6egxOLY7gVzB.jpg,Le Bon apôtre,Confident Royal,In the Loop
1303037,Taron Egerton,https://image.tmdb.org/t/p/original/uCaPhyKAQIfEzAWWCYIrO2004CB.jpg,Kingsman : Services secrets,Kingsman : Le Cercle d'or,Tous en scène
1983073,Park Gyu-young,https://image.tmdb.org/t/p/original/aqfLyqMoNzVwjhGInt6gX6fkIxs.jpg,Squid Game : Le making-of de la saison 2,,
1571598,Ahn Hyo-seop,https://image.tmdb.org/t/p/original/ynu1x6RQnpKvsOLTvB2WhDo26D9.jpg,KPop Demon Hunters,,
60649,Will Sanderson,https://image.tmdb.org/t/p/original/83BaK4g9sAkXzB3CI9pfLu9llLd.jpg,"King Rising, au nom du roi",Alone in the Dark,BloodRayne
30614,Ryan Gosling,https://image.tmdb.org/t/p/original/asoKC7CLCqpZKZDL6iovNurQUdf.jpg,La La Land,Blade Runner 2049,Drive
47068,Jonas Karlsson,https://image.tmdb.org/t/p/original/t1sriOmD7FY7iPzXCL3boIVyo7r.jpg,Le Bonhomme de neige,,
92572,Betty Gilpin,https://image.tmdb.org/t/p/original/hBOviIHCVqbWyyPUoIxZohDl5SL.jpg,The Tomorrow War,Isn't It Romantic,The Hunt
2140622,Jamie Carter,https://image.tmdb.org/t/p/original/zb9iRWHfHzbTjOgpqUdbT6t1x2h.jpg,Pirates des Caraïbes : La Vengeance de Salazar,,
8691,Zoe Saldaña,https://image.tmdb.org/t/p/original/vQBwmsSOAd0JDaEcZ5p43J9xzsY.jpg,Avatar,Avengers : Infinity War,Les Gardiens de la Galaxie
572043,Yang Mi,https://image.tmdb.org/t/p/original/6RezRxlQBsYmlotybR3q7riSrvV.jpg,A Writer's Odyssey,,
25663,Thomas Brodie-Sangster,https://image.tmdb.org/t/p/original/ovfgjgaE7aAXKYaemABX6pJFwRk.jpg,Star Wars : Le Réveil de la Force,Le Labyrinthe,Le Labyrinthe : La Terre brûlée
54697,Dave Franco,https://image.tmdb.org/t/p/original/2diSplvpzCE5CrIKvTaplCKvwPq.jpg,Insaisissables,Insaisissables 2,21 Jump Street
29222,Zac Efron,https://image.tmdb.org/t/p/original/pdWXP7XG6qqOoxoLid1DWYwmaMY.jpg,The Greatest Showman,Baywatch : Alerte à Malibu,Nos Pires Voisins
1939676,Drew Starkey,https://image.tmdb.org/t/p/original/gD3YIM3Yinc3v6Qg7dvRRKXzAyw.jpg,"Love, Simon","Le Diable, tout le temps",La voie de la justice
1622199,George Young,https://image.tmdb.org/t/p/original/dDTtlhWEnqIvBoOljmX2Hoi8IO4.jpg,Malignant,Noël tombe à pic,Les Intrus
1028899,Meghann Fahy,https://image.tmdb.org/t/p/original/vn1JwgdLoFerqqgzcg61tgCJ0ZE.jpg,Miss Sloane,Drop Game,Those People
80034,Victoria Fodor,https://image.tmdb.org/t/p/original/x65Mwtlp06XBOVCEXwdijtu3mjQ.jpg,Scary Stories,Blindness,
1384680,Nathaniel J. Potvin,https://image.tmdb.org/t/p/original/eVRqrrNlQxXOD0ceI5caacgux0k.jpg,The Prom,,
4041888,Peter DeSouza-Feighoney,https://image.tmdb.org/t/p/original/reYy9iCjdmOEdKpTkhxD4quNNMP.jpg,L'Exorciste du Vatican,Winnie-the-Pooh: Blood and Honey 2,
1015824,Ayame Misaki,https://image.tmdb.org/t/p/original/7ViHWgrPifqwjMTGrzS7XI32VZs.jpg,L'Attaque des Titans : L’Avancée des géants,L'Attaque des Titans : La Fin du monde,
11008,Rebecca Romijn,https://image.tmdb.org/t/p/original/5Jgmk7S3JxDUhdVLUFHUaJ42ovt.jpg,X-Men : Le Commencement,X-Men,X-Men 2
54620,Branko Đurić,https://image.tmdb.org/t/p/original/7AauDZUo39COLQmFxHJoAoUoX4O.jpg,No Man's Land,Venir au monde,
70851,Jack Black,https://image.tmdb.org/t/p/original/59IhgCtiWI5yTfzPhsjzg7GjCjm.jpg,Jumanji : Bienvenue dans la jungle,L'Âge de glace,Kung Fu Panda
106995,Ann Bell,https://image.tmdb.org/t/p/original/tCEz6tNJUVD5kFZr8xMwyrDhEyc.jpg,Fahrenheit 451,Les anges aux poings serrés,
1231,Julianne Moore,https://image.tmdb.org/t/p/original/3YF19rWusxWfEI59ZM33dFhasRq.jpg,Hunger Games : La Révolte - Partie 1,Hunger Games : La Révolte - Partie 2,The Big Lebowski
2227,Nicole Kidman,https://image.tmdb.org/t/p/original/6HPtgxF8RBFiGJSkvc4TZGERNXN.jpg,Aquaman,Les Autres,Lion
552328,Bjørn Moan,https://image.tmdb.org/t/p/original/oB9qN6EYsuVEBU76cVeDuxaDygP.jpg,Refroidis,Insomnia,
1281,Freddie Highmore,https://image.tmdb.org/t/p/original/berpjuXALltPnJSkISZfQEDGnYQ.jpg,Charlie et la chocolaterie,À la croisée des mondes : La Boussole d'or,Neverland
38334,Jennifer Coolidge,https://image.tmdb.org/t/p/original/hcpbV0dY4ZJxmZi1WcAWe8euqV2.jpg,American Pie,Click : Télécommandez votre vie,Les Désastreuses Aventures des orphelins Baudelaire
2025252,Ester Expósito,https://image.tmdb.org/t/p/original/fFUopfnowRJvp2iOIztyUu0v2a.jpg,Ton Fils,Cuando los ángeles duermen,Venus
59410,Bob Odenkirk,https://image.tmdb.org/t/p/original/rF0Lb6SBhGSTvjRffmlKRSeI3jE.jpg,Les Indestructibles 2,Nobody,Les Filles du docteur March
12727,Stanley Holloway,https://image.tmdb.org/t/p/original/3FLfK05mtqhF0mtuWVVWQCYwbA9.jpg,My Fair Lady,Brève rencontre,La Vie privée de Sherlock Holmes
1062630,Núria Casas,https://image.tmdb.org/t/p/original/2m4BBXxfhz1lyTQzYJaxwwanqpl.jpg,Le Parfum : Histoire d'un meurtrier,,
2461,Mel Gibson,https://image.tmdb.org/t/p/original/bLzZZRyAsGJvQqsQ1hdptv93aIL.jpg,Braveheart,Signes,"Pocahontas, une légende indienne"
63312,Yvonne Strahovski,https://image.tmdb.org/t/p/original/giUmbTd2Kw5BSWHHSFLgVjJqIGl.jpg,The Predator,The Tomorrow War,Killer Elite
129104,Melissa Benoist,https://image.tmdb.org/t/p/original/1F0fCPNhb5W0WyFe8Tszfbx1DEp.jpg,Whiplash,Chemins croisés,Traque à Boston
1236264,Liu Tao,https://image.tmdb.org/t/p/original/gcaeonDiNJyZ9bLIh23ds3TAzeA.jpg,The Foreigner,,
19537,Megan Fox,https://image.tmdb.org/t/p/original/zQp2YM0zbC27Ws97LNbyicysk8p.jpg,Transformers,Transformers 2 : La Revanche,Ninja Turtles
56446,John Cena,https://image.tmdb.org/t/p/original/rgB2eIOt7WyQjdgJCOuESdDlrjg.jpg,Barbie,The Suicide Squad,Fast & Furious 9
32,Robin Wright,https://image.tmdb.org/t/p/original/d3rIv0y2p0jMsQ7ViR7O1606NZa.jpg,Forrest Gump,Wonder Woman,Blade Runner 2049
42802,Salman Khan,https://image.tmdb.org/t/p/original/n7pKtccmf2jVOz8Qn90q2ThqLge.jpg,Bajrangi Bhaijaan,Laisse parler ton cœur,Om Shanti Om
10859,Ryan Reynolds,https://image.tmdb.org/t/p/original/l4t0lLxAKMOXG9zCHFQH4WyoQOO.jpg,Deadpool,Deadpool 2,Ted
141774,Reese Alexander,https://image.tmdb.org/t/p/original/eul6KZFsSV3F2SbCXOKMINg0kfR.jpg,Cinquante Nuances de Grey,L’Interview qui tue !,Le Jour où la Terre s'arrêta
20212,Dermot Mulroney,https://image.tmdb.org/t/p/original/zemTC606JcuMgIGbJMYAocrS5Gm.jpg,Zodiac,Burn After Reading,Dirty Papy
1371041,Callum Turner,https://image.tmdb.org/t/p/original/vkZ35K9ge6rWNrGyRdRtS4ONITv.jpg,Les Animaux Fantastiques : Les Crimes de Grindelwald,Assassin's Creed,Les Animaux fantastiques : Les Secrets de Dumbledore
154971,David Rappaport,https://image.tmdb.org/t/p/original/hlbdNL8mPr840vsvYPkINHzg7G4.jpg,"Bandits, bandits",,
2852352,Joe Munroe,https://image.tmdb.org/t/p/original/gysPB2TRczhPmwRhzXikSc0tXCh.jpg,Apex,,
3350497,Cormac Hyde-Corrin,https://image.tmdb.org/t/p/original/EDUoj3aQEEVq2x2EYnHpcekVkq.jpg,Napoléon,,
88029,Alison Brie,https://image.tmdb.org/t/p/original/uu16GiwYblS6IJV3o4qFSLWKXOC.jpg,La Grande Aventure LEGO,Pentagon Papers,Scream 4
10882,Rosamund Pike,https://image.tmdb.org/t/p/original/8ObNklHDi2hjdz0ayzJFB9jtqzm.jpg,Gone Girl,Orgueil et Préjugés,Jack Reacher
11546,Pierre Fresnay,https://image.tmdb.org/t/p/original/kHa9UH2jlarWBkpyFSe5n1RsM8u.jpg,La Grande Illusion,L'homme qui en savait trop,Le Corbeau
1294982,Paul Walter Hauser,https://image.tmdb.org/t/p/original/hV2oiKF2xlDMXtuq3Si1TA4b6DA.jpg,Cruella,BlacKkKlansman : J'ai infiltré le Ku Klux Klan,Vice-versa 2
1366275,Jenny Powers,https://image.tmdb.org/t/p/original/orTmaZHZcEdLfEmRXqIBcmuEqHq.jpg,Confessions d'une accro du shopping,,
131049,Joyce Meadows,https://image.tmdb.org/t/p/original/ckolAZvXI41qapwhMVNvstZlrKE.jpg,Diamants sur canapé,,
78110,Scott Adkins,https://image.tmdb.org/t/p/original/9NRr2a1riIn5CWn5McZLJlk4vxR.jpg,Doctor Strange,X-Men Origins : Wolverine,La Vengeance dans la peau
4173,Anthony Hopkins,https://image.tmdb.org/t/p/original/cbFWUHhk6pZKTEm48OKVM5awNNn.jpg,Thor,Thor : Ragnarok,Thor : Le Monde des ténèbres
4173,Anthony Hopkins,https://image.tmdb.org/t/p/original/cbFWUHhk6pZKTEm48OKVM5awNNn.jpg,Thor,Thor : Ragnarok,Thor : Le Monde des ténèbres
159431,Annie Wersching,https://image.tmdb.org/t/p/original/xOTYKQp0pn7Q1XBgtbzo2yj6uWd.jpg,Bruce tout-puissant,,
48,Sean Bean,https://image.tmdb.org/t/p/original/kTjiABk3TJ3yI0Cto5RsvyT6V3o.jpg,Le Seigneur des anneaux : La Communauté de l'anneau,Le Seigneur des anneaux : Le Retour du roi,Seul sur Mars
966943,Nicolai Dorian,https://image.tmdb.org/t/p/original/aFNzUIluKiE8Zfosj6gpYp6KwaT.jpg,Laisse-moi entrer,,
33970,James Craven,https://image.tmdb.org/t/p/original/mPnb1eL9blOrKW0MuOhNvv0SrxJ.jpg,Monsieur Verdoux,,
29364,Billy Sands,https://image.tmdb.org/t/p/original/ph0mCUvWDwkFn7qOyUmx0aepJJ9.jpg,Rocky,Le Grand Frisson,
13812,Tilo Prückner,https://image.tmdb.org/t/p/original/738zamuWxTbsnOBdHgEMaUmyQyU.jpg,L'Histoire sans fin,Iron Sky,Les Faussaires
62220,Lauren Cohan,https://image.tmdb.org/t/p/original/zJ9nZ5jqQTUD55GLKbgfiKlUoBN.jpg,Batman v Superman : L'Aube de la Justice,The Boy,22 Miles
501,Dakota Fanning,https://image.tmdb.org/t/p/original/6bNiiHnZZfA7YYIxO5FszvNFBlI.jpg,Once Upon a Time... in Hollywood,"Twilight, chapitre 2 : Tentation","Twilight, chapitre 5 : Révélation, 2ème partie"
96841,Matthew Lewis,https://image.tmdb.org/t/p/original/aPQCLK2gxWOallsFoEwjb1p9lWE.jpg,Harry Potter à l'école des sorciers,Harry Potter et la Chambre des secrets,Harry Potter et le Prisonnier d'Azkaban
37632,Eddie Redmayne,https://image.tmdb.org/t/p/original/ndDYYzuC0dQqQh6Ao6thxC8lGkS.jpg,Les Animaux Fantastiques,Les Animaux Fantastiques : Les Crimes de Grindelwald,Une merveilleuse histoire du temps
5293,Willem Dafoe,https://image.tmdb.org/t/p/original/ui8e4sgZAwMPi3hzEO53jyBJF9B.jpg,Spider-Man : No Way Home,John Wick,Le Monde de Nemo
15112,Tom Selleck,https://image.tmdb.org/t/p/original/3JaeMTmbrufVo6BZsLVeRQ9V7JR.jpg,Bienvenue chez les Robinson,Kiss & Kill,Friends : Les Retrouvailles
946221,Roslyn Ruff,https://image.tmdb.org/t/p/original/rcUCq1uCy7QjpGrcYtdR7kyTpvJ.jpg,La Couleur des sentiments,Marriage Story,Salt
1253353,Noah Centineo,https://image.tmdb.org/t/p/original/kXLuzSWRqM2P45uNcgb0v3H8dnE.jpg,À tous les garçons que j'ai aimés,Black Adam,Sierra Burgess Is a Loser
96092,David Cook,https://image.tmdb.org/t/p/original/4CqNf3EZ58ro3S8vKmbaPEsSJaz.jpg,Taylor Swift: Reputation Stadium Tour,,
1518754,Rodrigo Sant'anna,https://image.tmdb.org/t/p/original/ag6BALeYMGBGZsUqIo4jaQAbERT.jpg,Até que a Sorte nos Separe,Até Que a Sorte nos Separe 2,
127728,Daniel Polo,https://image.tmdb.org/t/p/original/hvbI8eQ2hyG3Jb20Z9GdlVSl7s5.jpg,Dans ses rêves !,,
74688,Keke Palmer,https://image.tmdb.org/t/p/original/f5i3WzdMt02mlfm9I9LHKRJtZ4J.jpg,L'Âge de glace 4 : La Dérive des continents,L'Âge de glace : Les Lois de l'Univers,Nope
1308445,Carrie Coon,https://image.tmdb.org/t/p/original/vWChiHhXFjZVKC6HbACyyRFmdW4.jpg,Avengers : Infinity War,Gone Girl,S.O.S. Fantômes : L'Héritage
558343,Tom Stevens,https://image.tmdb.org/t/p/original/xjLTG1tcfRrZXWbEZH1gMkB3Kh6.jpg,Journal d'un dégonflé : Ça fait suer !,12 Rounds 2 : Reloaded,
62765,Rhea Seehorn,https://image.tmdb.org/t/p/original/g6niUzFMQOiAcSThWoGk0LlAQRP.jpg,Bad Boys : Ride or Die,Dans les angles morts,Raymond
85065,Jack O'Connell,https://image.tmdb.org/t/p/original/9RrqnB1BRaWWHEjlWVVAna0sdBB.jpg,300 : La Naissance d’un Empire,Invincible,Money Monster
10980,Daniel Radcliffe,https://image.tmdb.org/t/p/original/iPg0J9UzAlPj1fLEJNllpW9IhGe.jpg,Harry Potter à l'école des sorciers,Harry Potter et la Chambre des secrets,Harry Potter et le Prisonnier d'Azkaban
83002,Jessica Chastain,https://image.tmdb.org/t/p/original/xRvRzxiiHhgUErl0yf9w8WariRE.jpg,Interstellar,Seul sur Mars,Ça : Chapitre 2
236567,Paul Ellis,https://image.tmdb.org/t/p/original/iQyvFolA1RTOSbyfvhgOnHcrSVA.jpg,Ninotchka,,
3416,Demi Moore,https://image.tmdb.org/t/p/original/wApParZYBDi4yxekjfxjKEifJYh.jpg,Ghost,Le Bossu de Notre-Dame,The Substance
140,Lucy Liu,https://image.tmdb.org/t/p/original/9nbtjqsx3De7hO2XDtrBQ7M9VCH.jpg,Kill Bill : Volume 1,Kill Bill : Volume 2,Kung Fu Panda
936970,Julia Garner,https://image.tmdb.org/t/p/original/ud1RXbvW70J89iqeic7no8olxvb.jpg,Le Monde de Charlie,Sin City : J'ai tué pour elle,Martha Marcy May Marlene
90498,Devon Bostick,https://image.tmdb.org/t/p/original/zAdSA85Plp7NzhQeM2w8heHWgEd.jpg,Oppenheimer,Okja,Saw IV
41730,Carole Cook,https://image.tmdb.org/t/p/original/1QuKyAK9V2so8SdnJW3cx8x7oHq.jpg,16 Bougies pour Sam,La ferme se rebelle,American Gigolo
2219,Tobey Maguire,https://image.tmdb.org/t/p/original/s6PwSvq6gC7PGEjIku69tPbvR8M.jpg,Spider-Man : No Way Home,Spider-Man,Spider-Man 2
8729,Alan Hale,https://image.tmdb.org/t/p/original/e90MwAMkxjDqr3wOnOhDAjvylW5.jpg,New York - Miami,Les Aventures de Robin des Bois,
1354870,Ryan Shoos,https://image.tmdb.org/t/p/original/w6DBn4qcgpLjVMxDekXsfMiTFbt.jpg,Gallows,,
884,Steve Buscemi,https://image.tmdb.org/t/p/original/lQKdHMxfYcCBOvwRKBAxPZVNtkg.jpg,Pulp Fiction,Monstres & Cie,Reservoir Dogs
1972974,Isabel May,https://image.tmdb.org/t/p/original/9AT39NSHNQ44VebDrqupxplmyLK.jpg,I Want You Back,Run Hide Fight,
1247,Matthew Goode,https://image.tmdb.org/t/p/original/3XaKKl0bKswTWbJ0Lh9nZ4UdAQo.jpg,Imitation Game,Watchmen : Les Gardiens,The King's Man : Première Mission
55089,Evan Peters,https://image.tmdb.org/t/p/original/82yu3I5vSoEqnIL3GE8oB5DHehI.jpg,Deadpool 2,X-Men : Days of Future Past,X-Men : Apocalypse
53820,Michael C. Hall,https://image.tmdb.org/t/p/original/7zUMGoujuev5PUwwv4Gl6ikB50k.jpg,Game Night,Ultimate Game,Paycheck
1865776,Christian Vit,https://image.tmdb.org/t/p/original/MD3BmnC6dAAO4JPZUOFC5sVscI.jpg,Scusa ma ti voglio sposare,,
1497557,Alexa Demie,https://image.tmdb.org/t/p/original/zba2qXMNRnD7uXOYzXfcnstv17V.jpg,90's,Waves,Brigsby Bear
4808,Giancarlo Esposito,https://image.tmdb.org/t/p/original/rcXnr82TwDzU4ZGdBeNXfG0ZQnZ.jpg,Usual Suspects,Le Labyrinthe : La Terre brûlée,Le Livre de la jungle
26510,Eugene Levy,https://image.tmdb.org/t/p/original/y4CexxKSI6qR5A6PDaD8mSrEhYC.jpg,Le Monde de Dory,American Pie,La Nuit au musée 2
11288,Robert Pattinson,https://image.tmdb.org/t/p/original/8A4PS5iG7GWEAVFftyqMZKl3qcr.jpg,Harry Potter et la Coupe de feu,"Twilight, chapitre 1 : Fascination",The Batman
58372,Clifton MaCabe Murray,https://image.tmdb.org/t/p/original/66H0GRktOECuMn1RE3qnpRAdKjq.jpg,La Nuit au musée 2,She's the Man,
77700,Travis Fimmel,https://image.tmdb.org/t/p/original/i6wEoE9P6PgYe75g6QT8Y7JjX6n.jpg,Warcraft : Le Commencement,The Experiment,Kandahar
12833,Edward Burns,https://image.tmdb.org/t/p/original/pTLdPUSxDUcdmvy91LGCF3pk0AM.jpg,Il faut sauver le soldat Ryan,The Holiday,27 robes
1855143,Brandon Sklenar,https://image.tmdb.org/t/p/original/mUNjoT1IP68fyXrODOoSiHKuW8O.jpg,Vice,Midway,Jamais plus - It Ends with Us
6365,Desmond Harrington,https://image.tmdb.org/t/p/original/hylBgwz1akNoX03glhMnqNxLCqm.jpg,The Dark Knight Rises,The Neon Demon,Détour mortel
543261,Karen Gillan,https://image.tmdb.org/t/p/original/rWx8u4F4aYIqmjJDeMK78ysPsu0.jpg,Avengers : Infinity War,Les Gardiens de la Galaxie,Avengers : Endgame
1238592,Lee Dong-wook,https://image.tmdb.org/t/p/original/f27YNf7JAznkzq7N0h6hnWF1HGQ.jpg,The Beauty Inside,,
56734,Chloë Grace Moretz,https://image.tmdb.org/t/p/original/yjvE3aovyTvebAOalNaI3t6KkjQ.jpg,Kick-Ass,(500) jours ensemble,Equalizer
7633,Leslie Nielsen,https://image.tmdb.org/t/p/original/u5vWl5dw69Nf89f905Qb5JqEVL3.jpg,Y a-t-il un pilote dans l'avion ?,Scary Movie 3,Y a-t-il un flic pour sauver la reine ?
75057,Lolita Chakrabarti,https://image.tmdb.org/t/p/original/1yXfDNOaOsAzzwLek2QkoFIFksl.jpg,The Hole,,
17244,Hayden Christensen,https://image.tmdb.org/t/p/original/hqEgJYEUvZvL9ytmmiYBbbt63qd.jpg,"Star Wars, épisode III - La Revanche des Sith","Star Wars, épisode II - L'Attaque des clones",Star Wars : L'Ascension de Skywalker
40947,Judith Furse,https://image.tmdb.org/t/p/original/e054LhwQ9wPKXDU4dFYb2l3BwtK.jpg,Les Douze Salopards,Le Narcisse noir,
550843,Elizabeth Olsen,https://image.tmdb.org/t/p/original/wIU675y4dofIDVuhaNWPizJNtep.jpg,Avengers : Infinity War,Avengers : Endgame,Avengers : L'Ère d'Ultron
9222,Don Pedro Colley,https://image.tmdb.org/t/p/original/r2AGWiQ6JovqrQvcUOcUrACSXSc.jpg,Le Secret de la planète des singes,THX 1138,Un nouvel amour de Coccinelle
2190815,Kaye Singleton,https://image.tmdb.org/t/p/original/3hHY7aolOGlQS3XTDujipvlR7Dk.jpg,Dumplin',,
1251069,Nathalie Emmanuel,https://image.tmdb.org/t/p/original/uh8EIhxKJxK7xsJlWcIgBkqyAKq.jpg,Fast & Furious 7,Le Labyrinthe : La Terre brûlée,Fast & Furious 8
11006,James Marsden,https://image.tmdb.org/t/p/original/mk142GG0saiSXALY6V4wWcmPROW.jpg,X-Men : Days of Future Past,N'oublie jamais,X-Men
1213613,Jeri Ryan,https://image.tmdb.org/t/p/original/faRGkffYDP3WdGaqL5DF5RxEG1p.jpg,Sale môme,Bye bye love,Dracula 2001
25246,Andy Lau,https://image.tmdb.org/t/p/original/z9R2yerjfgxwDWIH8sjiS0hhcre.jpg,La Grande Muraille,Infernal Affairs,Le Secret des poignards volants
49,Maria Bello,https://image.tmdb.org/t/p/original/it1f5mxiGIWO0DzTBfwtLTjphZb.jpg,Prisoners,Copains pour toujours,La 5ème Vague
1016168,Lily James,https://image.tmdb.org/t/p/original/7UN8GVsDzccK9UVYzMx3hooLyzZ.jpg,Baby Driver,Cendrillon,Les Heures sombres
137905,Bill Skarsgård,https://image.tmdb.org/t/p/original/xBXLx1m0uzhXIbY3wN8lmPGeUHl.jpg,Ça,Deadpool 2,Ça : Chapitre 2
2441,Tom Hollander,https://image.tmdb.org/t/p/original/cqZiJsImFZ6TaeShRRg49AZ9TyT.jpg,Bohemian Rhapsody,Pirates des Caraïbes : Le Secret du coffre maudit,Pirates des Caraïbes : Jusqu'au bout du monde
109151,Jaime Ray Newman,https://image.tmdb.org/t/p/original/2NZqIILL9BW8fSveWDGBDLoMYN8.jpg,Arrête-moi si tu peux,Le Témoin amoureux,La rumeur court…
1267133,Laurence Saunders,https://image.tmdb.org/t/p/original/7nKV79XkOTBUKIB5QIy5Y0xXiGx.jpg,The Seasoning House,,
62,Bruce Willis,https://image.tmdb.org/t/p/original/w3aXr1e7gQCn8MSp1vW4sXHn99P.jpg,Pulp Fiction,Split,Sixième Sens
880,Ben Affleck,https://image.tmdb.org/t/p/original/aTcqu8cI4wMohU17xTdqmXKTGrw.jpg,Suicide Squad,Gone Girl,Batman v Superman : L'Aube de la Justice
144852,Richard Harmon,https://image.tmdb.org/t/p/original/OMc1TCt9GEJddnVI1o5BPIAoLV.jpg,Percy Jackson : Le Voleur de foudre,Adaline,Trick 'r Treat
1922389,Billy Jenkins,https://image.tmdb.org/t/p/original/6POd1rBbjifpLrlHY38oBwFbWsf.jpg,Holmes & Watson,,
1825421,Ben Abell,https://image.tmdb.org/t/p/original/vTGQ24a9NkxOY2HW5NX3UUzXEEv.jpg,Le Bonhomme de neige,,
3131,Antonio Banderas,https://image.tmdb.org/t/p/original/fce7zl6elUzsv7wudHFc7RgFtjD.jpg,Shrek 2,Shrek le troisième,Le Chat Potté 2 : la dernière quête
1195939,Ayaka Miyoshi,https://image.tmdb.org/t/p/original/2aYhrHtkfSYJHL6WFIuYbym2Xrl.jpg,Confessions,One piece: Gold,
1441215,Anna Lore,https://image.tmdb.org/t/p/original/zNurGVtAxvVGnpgyG9kvBUG4nVf.jpg,Destination finale : Bloodlines,,
27740,Walton Goggins,https://image.tmdb.org/t/p/original/5lcVMJbWrNDFiWa1WxK4oR8zwev.jpg,Django Unchained,Les Huit Salopards,Ant-Man et la Guêpe
15555,Piper Perabo,https://image.tmdb.org/t/p/original/5XrzISDEox0KubRDzJU668Oxmxy.jpg,Le Prestige,Looper,La Chute du Président
3988423,Maia Kealoha,https://image.tmdb.org/t/p/original/jqsKbBF28V2Oq5tKPR5USkNufwC.jpg,Lilo & Stitch,,
2673,John Ridgely,https://image.tmdb.org/t/p/original/gsngEYbN6cn90gZPPeBe7mnUr60.jpg,Le Grand Sommeil,Arsenic et vieilles dentelles,Une place au soleil
1158,Al Pacino,https://image.tmdb.org/t/p/original/2dGBb1fOcNdZjtQToVPFxXjm4ke.jpg,Le Parrain,Once Upon a Time... in Hollywood,"Le Parrain, 2e partie"
1979,Kevin Spacey,https://image.tmdb.org/t/p/original/nPrUZDEbGQe6jwpVbHKJCXsMd7r.jpg,Seven,Baby Driver,American Beauty
51072,Kate Mara,https://image.tmdb.org/t/p/original/xZYD8wYHMmN9dMMPiohnKEFoTGx.jpg,Iron Man 2,Seul sur Mars,127 Heures
12214,Gillian Anderson,https://image.tmdb.org/t/p/original/60fOJNhmfEmyskQDmHStSMHRjgK.jpg,"Johnny English, Le retour",L'Espion qui m'a larguée,Le Dernier Roi d'Écosse
527393,Dylan O'Brien,https://image.tmdb.org/t/p/original/xN3GdvIlqsR838gDoblhPH0numP.jpg,Le Labyrinthe,Le Labyrinthe : La Terre brûlée,Le Labyrinthe : Le Remède mortel
237455,Sam Claflin,https://image.tmdb.org/t/p/original/e5CU4tjCNZFfm7ITmZfzjZse2Bb.jpg,Hunger Games : L'Embrasement,Hunger Games : La Révolte - Partie 1,Pirates des Caraïbes : La Fontaine de jouvence
142855,Tuba Büyüküstün,https://image.tmdb.org/t/p/original/mEx5TCVO9zld1AEv91RBES1ATKo.jpg,Mon père et mon fils,,
18999,J.K. Simmons,https://image.tmdb.org/t/p/original/ScmKoJ9eiSUOthAt1PDNLi8Fkw.jpg,Spider-Man : No Way Home,Spider-Man,La La Land
10205,Sigourney Weaver,https://image.tmdb.org/t/p/original/wTSnfktNBLd6kwQxgvkqYw6vEon.jpg,Avatar,WALL·E,"Alien, le huitième passager"
17628,Mary Elizabeth Winstead,https://image.tmdb.org/t/p/original/i1RjhPH8XypvR0W7zKCLrFxph4D.jpg,Birds of Prey et la fantabuleuse histoire de Harley Quinn,10 Cloverfield Lane,Scott Pilgrim
1845057,Woo Do-hwan,https://image.tmdb.org/t/p/original/z3VNppg2yQMusheWweVeKEUN4lO.jpg,The Divine Fury,,
77122,María Valverde,https://image.tmdb.org/t/p/original/ed3z5iYXw6t9XxRJDx8q1g7eWiy.jpg,Exodus : Gods and Kings,Twilight Love - 3 mètres au-dessus du ciel,Twilight Love 2 : J'ai envie de toi
9827,Rose Byrne,https://image.tmdb.org/t/p/original/6YauDiiTBwRGC1xnwspPmNvPWUu.jpg,"Star Wars, épisode II - L'Attaque des clones",X-Men : Apocalypse,X-Men : Le Commencement
1659938,MAJOR.,https://image.tmdb.org/t/p/original/6EWwdtRI5IkqMP3PAOGZJJZD7AD.jpg,Legend,,
191857,Jared Van Snellenberg,https://image.tmdb.org/t/p/original/xCmFVp5imnxahId91KDimO3LJwa.jpg,Terminagolf,Cash Express,Ivresse et conséquences
1547148,Teo Briones,https://image.tmdb.org/t/p/original/cyykbm4Xht2Pi7brr88FcmS1LPb.jpg,Wind River,Destination finale : Bloodlines,
1038,Jodie Foster,https://image.tmdb.org/t/p/original/resiaRfWvj4N84TgJi9DPOafCpq.jpg,Le Silence des agneaux,Taxi Driver,Elysium
35322,Alan Hale Jr.,https://image.tmdb.org/t/p/original/13hyaSRqAe9LTkGTp4iEyZQO5Il.jpg,Pendez-les haut et court,,
934289,Kiernan Shipka,https://image.tmdb.org/t/p/original/t2FWVLTIhVRIa398mQAfN4thO5R.jpg,Red One,Twisters,Longlegs
93491,Will Poulter,https://image.tmdb.org/t/p/original/9blYMaj79VGC6BHTLmJp3V5S8r3.jpg,The Revenant,Le Labyrinthe,"Les Miller, une famille en herbe"
1557181,Wi Ha-jun,https://image.tmdb.org/t/p/original/tEZuIaMESdBw4LfNq3vshGR4VlP.jpg,Gonjiam: Haunted Asylum,Squid Game : Le making-of de la saison 2,Midnight Silence
783,Jonathan Banks,https://image.tmdb.org/t/p/original/bswk26L13PvY4iMTwUTAsepXCLv.jpg,Les Indestructibles 2,Gremlins,"El Camino : Un film ""Breaking Bad"""
1771,Giovanni Ribisi,https://image.tmdb.org/t/p/original/xJrjoGhAfufROCiG2C86uYYjqpP.jpg,Avatar,Il faut sauver le soldat Ryan,Avatar : La Voie de l'eau
1859934,Tati Gabrielle,https://image.tmdb.org/t/p/original/txZTL1HkPVxliTilbjlwR51VIt6.jpg,Uncharted,Le Monde secret des Emojis,
10959,Shia LaBeouf,https://image.tmdb.org/t/p/original/ljlpaXEManszxIcshYQoqo4au03.jpg,Fury,"I, Robot",Transformers
51651,Joachim Paul Assböck,https://image.tmdb.org/t/p/original/dR5xVd4z7LtkUwpLn9ks92z1cqU.jpg,La Liste de Schindler,Le Pianiste,Le Pont des espions
935,Connie Nielsen,https://image.tmdb.org/t/p/original/lvQypTfeH2Gn2PTbzq6XkT2PLmn.jpg,Wonder Woman,Gladiator,Justice League
10696,Famke Janssen,https://image.tmdb.org/t/p/original/nt4fpE3cerdDWyZFiRkYRDcOYh4.jpg,X-Men : Days of Future Past,X-Men,Taken
14782,Andrew Robinson,https://image.tmdb.org/t/p/original/b71NHLbjGHLqOQDrf71QPisTawo.jpg,Hellraiser : Le Pacte,L'Inspecteur Harry,Cobra
819,Edward Norton,https://image.tmdb.org/t/p/original/8nytsqL59SFJTVYVrN72k6qkGgJ.jpg,Fight Club,The Grand Budapest Hotel,Birdman
12834,Barry Pepper,https://image.tmdb.org/t/p/original/pmdNUqrpsoozh7QYqUgEgZQ69cA.jpg,La Ligne verte,Il faut sauver le soldat Ryan,Le Labyrinthe : La Terre brûlée
7056,Emma Thompson,https://image.tmdb.org/t/p/original/xr8Ki3CIqweWWqS5q0kUYdiK6oQ.jpg,Harry Potter et le Prisonnier d'Azkaban,Harry Potter et les Reliques de la Mort - 2ème partie,Harry Potter et l'Ordre du Phénix
73457,Chris Pratt,https://image.tmdb.org/t/p/original/cRH6HPAQ98PlOwwEvhYO4CM9lwu.jpg,Avengers : Infinity War,Les Gardiens de la Galaxie,Avengers : Endgame
39658,Sally Hawkins,https://image.tmdb.org/t/p/original/1dtDq82dM2YQ17lBL4ZKPJo5LKw.jpg,"Star Wars, épisode I - La Menace fantôme",La Forme de l'eau,Godzilla
2359937,Jo Yu-ri,https://image.tmdb.org/t/p/original/4GwoDQFPwpaKldOTpGrIJUzBa9h.jpg,Squid Game : Le making-of de la saison 2,,
84497,Aaron Paul,https://image.tmdb.org/t/p/original/8Ac9uuoYwZoYVAIJfRLzzLsGGJn.jpg,Mission : Impossible 3,Agents presque secrets,"El Camino : Un film ""Breaking Bad"""
11866,Joshua Jackson,https://image.tmdb.org/t/p/original/mH2a5YFd8J7upjjWwEzM75vitA2.jpg,Ocean's Eleven,Scream 2,Sexe intentions
886,William Fichtner,https://image.tmdb.org/t/p/original/wWtJOoaNAwPparpzMNuRBjvxwEf.jpg,The Dark Knight : Le Chevalier noir,Mr. & Mrs. Smith,Elysium
39187,Olivia Colman,https://image.tmdb.org/t/p/original/lawJUdbLb1YW0niaYjiVGR9IBG8.jpg,Le crime de l'Orient-Express,Le Chat Potté 2 : la dernière quête,Hot Fuzz
190,Clint Eastwood,https://image.tmdb.org/t/p/original/8TwdCfeOZH7ucRlfLZ6wObxa7cO.jpg,American Sniper,Gran Torino,Million Dollar Baby
54693,Emma Stone,https://image.tmdb.org/t/p/original/cZ8a3QvAnj2cgcgVL6g4XaqPzpL.jpg,The Amazing Spider-Man,La La Land,The Amazing Spider-Man : Le Destin d'un héros
10860,Jessica Biel,https://image.tmdb.org/t/p/original/3txkpzteYNW12vpREFpagSrWe6d.jpg,Total Recall: Mémoires programmées,L'Illusionniste,L'Agence tous risques
3,Harrison Ford,https://image.tmdb.org/t/p/original/zVnHagUvXkR2StdOtquEwsiwSVt.jpg,La Guerre des étoiles,Star Wars : Le Réveil de la Force,L'Empire contre-attaque
156813,Beulah Quo,https://image.tmdb.org/t/p/original/zQCGMOKa1g4e3QlOkuCLF26CiS.jpg,Chinatown,"Bangkok, Aller simple",La Canonnière du Yang-Tse
82809,Annabelle Wallis,https://image.tmdb.org/t/p/original/9lqdI8L2Bgj8zWR5l4l0II6GXug.jpg,X-Men : Le Commencement,La Momie,Annabelle
240724,Naomi Scott,https://image.tmdb.org/t/p/original/d140yTWCle6rYUGE9GIVZVPaPng.jpg,Seul sur Mars,Aladdin,Power Rangers
54882,Morena Baccarin,https://image.tmdb.org/t/p/original/kBSKKaOtsqIzZPhtEeHfCBmhWl9.jpg,Deadpool,Deadpool 2,Deadpool & Wolverine
1016071,Déborah Révy,https://image.tmdb.org/t/p/original/a3EmfvlSIcRhIwFm6nFLWCnIuFi.jpg,Love,Q,
85,Johnny Depp,https://image.tmdb.org/t/p/original/wcI594cwM4ArPwvRd2IU0Z0yLuh.jpg,Pirates des Caraïbes : La Malédiction du Black Pearl,Les Animaux Fantastiques,Pirates des Caraïbes : Le Secret du coffre maudit
3586928,Miguel Mora,https://image.tmdb.org/t/p/original/ycPGumOIRCLzlDWws7kZ47ciStY.jpg,Black Phone,,
12795,Nikolaj Coster-Waldau,https://image.tmdb.org/t/p/original/6w2SgB20qzs2R5MQIAckINLhfoP.jpg,Oblivion,La Chute du faucon noir,The Flash
5292,Denzel Washington,https://image.tmdb.org/t/p/original/tRYHzK6WmxOCrqeO3OnEUAF5ied.jpg,Equalizer,Le Livre d'Eli,Training Day
53975,Deepika Padukone,https://image.tmdb.org/t/p/original/sXgEh0z6NzyvmEeBeLPK1ON7NBY.jpg,xXx : Reactivated,Om Shanti Om,Chennai Express
2131391,Violet McGraw,https://image.tmdb.org/t/p/original/7r7Ukgg78GvHdLq1rzHoO0kjTKF.jpg,Ready Player One,Black Widow,Doctor Sleep
20162,Natasha Richardson,https://image.tmdb.org/t/p/original/eQNhOUDQY4NZD2cbaUpltLxrcG.jpg,À nous quatre,Coup de foudre à Manhattan,Wild Child
3293,Rachel Weisz,https://image.tmdb.org/t/p/original/9tfHL5tholha1YF6bSKt422ETPM.jpg,Black Widow,La Momie,Constantine
1920,Winona Ryder,https://image.tmdb.org/t/p/original/uZaGuCvf18wKhaYL0IfYJv48yhE.jpg,Black Swan,Edward aux mains d'argent,Star Trek
147,Michael Madsen,https://image.tmdb.org/t/p/original/69cqjkTNKI1muAfnvorfmWNVgIe.jpg,Kill Bill : Volume 1,Reservoir Dogs,Les Huit Salopards
1163030,Aras Bulut İynemli,https://image.tmdb.org/t/p/original/408OA4bMx1ADKMkIjXxWrzQ0dhN.jpg,7. Koğuştaki Mucize,,
55085,Amber Heard,https://image.tmdb.org/t/p/original/4MvTmHeIR715eCaQKvNFzyE1xU.jpg,Aquaman,Justice League,Bienvenue à Zombieland
3084,Marlon Brando,https://image.tmdb.org/t/p/original/vklkhX4QlRKnEG8ylhWzoBdcuev.jpg,Le Parrain,Apocalypse Now,Superman Returns
1200831,Leslie Shenkel,https://image.tmdb.org/t/p/original/ahkM2ELuKwVg5pAQF5wEps2x5uh.jpg,Infidèle,Celebrity,
1326233,Julia Becker,https://image.tmdb.org/t/p/original/h8GLBTiQ98nPrypseNwtKiPTSsG.jpg,Benni,,
2680,Donnie Wahlberg,https://image.tmdb.org/t/p/original/9IMR2PKHzqIXWVKmYrCAl0bA3Af.jpg,Sixième Sens,Saw II,Saw III
2020171,Joey Nader,https://image.tmdb.org/t/p/original/zI4gw36ykobMX4JbiYdmFDWujrv.jpg,White Noise,"Bonne chance Charlie, Le Film",Just Before I Go
6574,Clancy Brown,https://image.tmdb.org/t/p/original/xjg0ZIxP0tFcEQCTeRgKxNtLdpe.jpg,Les Évadés,Thor : Ragnarok,Green Lantern
40598,Rafer Johnson,https://image.tmdb.org/t/p/original/gs1N69kHY1U5IK5ZNjdQZMPwPKw.jpg,Permis de tuer,,
10297,Matthew McConaughey,https://image.tmdb.org/t/p/original/lCySuYjhXix3FzQdS4oceDDrXKI.jpg,Interstellar,Le Loup de Wall Street,Dallas Buyers Club
122888,Ashley Williams,https://image.tmdb.org/t/p/original/kaZQMxVAX2Z0M0BKphkg7rT54pi.jpg,Margin Call,A Most Violent Year,Duo à trois
1474123,Caleb McLaughlin,https://image.tmdb.org/t/p/original/4jVS3EziBn7bf97ErxkW7jsdiLM.jpg,Dora et la cité perdue,The Deliverance,
58115,Eric Dane,https://image.tmdb.org/t/p/original/lSs2O89BDyEwi8p0VhqX2jU90Hk.jpg,X-Men : L'Affrontement final,Marley & moi,Valentine's Day
1213603,Max Greenfield,https://image.tmdb.org/t/p/original/79w2mSZT8JwYv5ZwjJMDYQbzptE.jpg,The Big Short : Le Casse du Siècle,L'Âge de glace : Les Lois de l'Univers,Promising Young Woman
2532098,Javon Walton,https://image.tmdb.org/t/p/original/zvyX5X4Krtd8oSci6gNGJLrxWu5.jpg,Le Samaritain,La Famille Addams 2 : Une virée d'enfer,
3895,Michael Caine,https://image.tmdb.org/t/p/original/bVZRMlpjTAO2pJK6v90buFgVbSW.jpg,Inception,Interstellar,The Dark Knight : Le Chevalier noir
13548,James Spader,https://image.tmdb.org/t/p/original/uET0mbf2bMkUXbRb1Oxi8Qjqcw3.jpg,Avengers : L'Ère d'Ultron,Lincoln,Stargate : la porte des étoiles
21657,Vera Farmiga,https://image.tmdb.org/t/p/original/5Vs7huBmTKftwlsc2BPAntyaQYj.jpg,Les Infiltrés,Conjuring : Les Dossiers Warren,Conjuring 2 : Le Cas Enfield
110927,Penn Badgley,https://image.tmdb.org/t/p/original/cWvqsJyD8wLZ9GXs2DqqepBIfdD.jpg,Easy Girl,Margin Call,John Tucker doit mourir
110014,Christina Hendricks,https://image.tmdb.org/t/p/original/nwSh3NXQtUT3joHbCVwLvOoBxJG.jpg,Drive,Toy Story 4,The Neon Demon
2224,Christian Slater,https://image.tmdb.org/t/p/original/6ww3uweEEXMlvtNjTlgBHxLErPF.jpg,Entretien avec un vampire,Zoolander,Austin Powers
1700685,Lewis Pullman,https://image.tmdb.org/t/p/original/jAo0Rxl9EYVxLnhUlBww5Uxl89v.jpg,Top Gun : Maverick,Sale temps à l'hôtel El Royale,Thunderbolts*
18324,Steve Zahn,https://image.tmdb.org/t/p/original/rwrPdKGwXnByxUVMxMf8Y7oswi3.jpg,La Planète des singes : Suprématie,Dallas Buyers Club,Captain Fantastic
1100,Arnold Schwarzenegger,https://image.tmdb.org/t/p/original/2marNcjIfCUE5Z2HyrcEiJHPbsA.jpg,Terminator,Terminator 2 : Le Jugement dernier,Terminator Genisys
92757,Alfie Wise,https://image.tmdb.org/t/p/original/sq6JdWApV274Z9poLZaoqbwKB6V.jpg,L'Équipée du Cannonball,La Bataille de Midway,Plein la gueule
122029,Christian Camargo,https://image.tmdb.org/t/p/original/7smKRlZUxTJqt1smgarwzzks684.jpg,"Twilight, chapitre 5 : Révélation, 2ème partie","Twilight, chapitre 4 : Révélation, 1ère partie",Démineurs
221600,Monica Raymund,https://image.tmdb.org/t/p/original/cG8OzzgiAEOO5q1Jw4pC1cdJf7E.jpg,Arbitrage,Bros,
14261,David Niven,https://image.tmdb.org/t/p/original/ioW2DU6T2HPvTdqUSaLLQmGPb38.jpg,La Panthère rose,Mort sur le Nil,Un cadavre au dessert
164945,Sarah Shahi,https://image.tmdb.org/t/p/original/crKD1ax5wRRZ4QM7nQyH8K2deaA.jpg,Black Adam,Rush Hour 3,Retour à la Fac
27763,Casper Van Dien,https://image.tmdb.org/t/p/original/jxRmw8gJYsJ7IG5n9B0PFzy2nHO.jpg,Alita : Battle Angel,Sleepy Hollow : la légende du cavalier sans tête,Starship Troopers
1190923,Chris Whitley,https://image.tmdb.org/t/p/original/i1sYbBCIGjoWEASNdzqlroDduue.jpg,Table 19,,
1368507,Elizabeth Lail,https://image.tmdb.org/t/p/original/lDYjEyqojUs2sF3CgdsOZ9vr2KL.jpg,Five Nights at Freddy's,Countdown,
19211,Ian Somerhalder,https://image.tmdb.org/t/p/original/x0pfPTV0ryFmhz4fju3Depx4NLp.jpg,The Tournament,Les Lois de l'attraction,Pulse
17286,Lena Headey,https://image.tmdb.org/t/p/original/cDyZLf8ddz0EgoUjpv4jjzy7qxA.jpg,300,American Nightmare,300 : La Naissance d’un Empire
1001657,Sophie Turner,https://image.tmdb.org/t/p/original/8ur4aHFakVCinWk0cvrGO8qAUhv.jpg,X-Men : Apocalypse,X-Men : Dark Phoenix,Secret Agency
55751,Kristin Kreuk,https://image.tmdb.org/t/p/original/jQVGylAfotE7osIGwGivh6LpCdl.jpg,Eurotrip,Street Fighter : La Légende de Chun-Li,
27972,Josh Hutcherson,https://image.tmdb.org/t/p/original/f0eosZ1Fx0VBUyspq8K2f8sUSBn.jpg,Hunger Games,Hunger Games : L'Embrasement,Hunger Games : La Révolte - Partie 1
90570,Atsuko Takahata,https://image.tmdb.org/t/p/original/xfVilFePWPW5qkJMa8GWQmvc5Fp.jpg,Le Conte de la princesse Kaguya,Ring 0,
1137824,Mia Goth,https://image.tmdb.org/t/p/original/xB8fVduiFtgu35ieEjiTiFx8ylv.jpg,Everest,A Cure for Life,X
132312,Brianne Howey,https://image.tmdb.org/t/p/original/cyy56FAt2mMWR4tWo53pIbw6eCk.jpg,Comment tuer son boss 2,Time Trap,XOXO
10814,Wesley Snipes,https://image.tmdb.org/t/p/original/81D6oJ81kiQ5xnEHhaHrY29ntdO.jpg,Deadpool & Wolverine,Blade,Expendables 3
1974046,Rudy Pankow,https://image.tmdb.org/t/p/original/pth1HBwBuF7jFX9Zctw7HnrSG03.jpg,Uncharted,,
4589,Benjamin Bratt,https://image.tmdb.org/t/p/original/hBenHPT4iJEG2kt5z2TOGnkRZwh.jpg,Doctor Strange,Coco,"Moi, moche et méchant 2"
203683,Sonja Sohn,https://image.tmdb.org/t/p/original/8zjUsesMnQSOJtXmFl9O37ZYdQ5.jpg,Sexy dance 2,Shaft,À tombeau ouvert
2177,Lloyd Bridges,https://image.tmdb.org/t/p/original/3dUJhLyaOl32mOU9HBpgTniLNJc.jpg,Y a-t-il un pilote dans l'avion ?,Hot Shots !,Hot Shots ! 2
